Row,CMPP,RPPV,TIME_1900,RCPP,SOLSTATE,EMA
503016,3.11061,4248.227,44194.789186036,4.21061,17,4248.227
503033,3.109311,4248.227,44194.789198630,4.209311,17,4248.227
503050,3.11061,4248.227,44194.789211222,4.21061,17,4248.227
503067,3.109311,4226.985,44194.789223813,4.209311,17,4226.985
503084,3.109311,4205.744,44194.789236407,4.209311,17,4205.744
503101,3.11061,4184.503,44194.789248999,4.21061,17,4184.503
503118,3.109311,4184.503,44194.789261593,4.209311,17,4184.503
503135,3.11061,4184.503,44194.789274184,4.21061,17,4184.503
503152,3.11061,4184.503,44194.789286776,4.21061,17,4184.503
503169,3.11061,4184.503,44194.789299370,4.21061,17,4184.503
503186,3.109311,4184.503,44194.789311962,4.209311,17,4184.503
503203,3.109311,4184.503,44194.789324556,4.209311,17,4184.503
503220,3.109311,4184.503,44194.789337148,4.209311,17,4184.503
503237,3.109311,4184.503,44194.789349739,4.209311,17,4184.503
503254,3.11061,4184.503,44194.789362333,4.21061,17,4184.503
503271,3.109311,4184.503,44194.789374925,4.209311,17,4184.503
503288,3.11061,4184.503,44194.789387519,4.21061,17,4184.503
503305,3.11061,4184.503,44194.789400111,4.21061,17,4184.503
503322,3.11061,4184.503,44194.789412702,4.21061,17,4184.503
503339,3.109311,4184.503,44194.789425296,4.209311,17,4184.503
503356,3.109311,4184.503,44194.789437888,4.209311,17,4184.503
503373,3.11061,4184.503,44194.789450482,4.21061,17,4184.503
503390,3.109311,4184.503,44194.789463073,4.209311,17,4184.503
503407,3.109311,4184.503,44194.789475665,4.209311,17,4184.503
503424,3.111909,2612.659,44194.789488259,4.211909,0,2612.659
503441,3.11061,2612.659,44194.789500851,4.21061,0,2612.659
503458,3.111909,2591.418,44194.789513445,4.211909,0,2591.418
503475,3.11061,2591.418,44194.789526036,4.21061,0,2591.418
503492,3.111909,2570.176,44194.789538628,4.211909,0,2570.176
503509,3.11061,2548.935,44194.789551222,4.21061,0,2548.935
503526,3.111909,2527.695,44194.789563814,4.211909,0,2527.695
503543,3.111909,2506.454,44194.789576408,4.211909,0,2506.454
503560,3.111909,2485.213,44194.789588999,4.211909,0,2485.213
503577,3.111909,2463.971,44194.789601591,4.211909,0,2463.971
503594,3.11061,2463.971,44194.789614185,4.21061,0,2463.971
503611,3.111909,2442.73,44194.789626777,4.211909,0,2442.73
503628,3.11061,2421.489,44194.789639371,4.21061,0,2421.489
503645,3.111909,2400.249,44194.789651962,4.211909,0,2400.249
503662,3.111909,2379.006,44194.789664554,4.211909,0,2379.006
503679,3.11061,2379.006,44194.789677148,4.21061,0,2379.006
503696,3.111909,2357.765,44194.789689740,4.211909,0,2357.765
503713,3.111909,2336.524,44194.789702334,4.211909,0,2336.524
503730,3.111909,2315.284,44194.789714925,4.211909,0,2315.284
503747,3.111909,2315.284,44194.789727517,4.211909,0,2315.284
503764,3.111909,2294.042,44194.789740111,4.211909,0,2294.042
503781,3.113212,2272.801,44194.789752703,4.213212,0,2272.801
503798,3.111909,2251.56,44194.789765296,4.211909,0,2251.56
503815,3.113212,2251.56,44194.789777888,4.213212,0,2251.56
503832,3.111909,2230.319,44194.789790480,4.211909,0,2230.319
503849,3.113212,2209.077,44194.789803074,4.213212,0,2209.077
503866,3.114512,2209.077,44194.789815666,4.214512,0,2209.077
503883,3.113212,2187.836,44194.789828259,4.213212,0,2187.836
503900,3.114512,2166.595,44194.789840851,4.214512,0,2166.595
503917,3.113212,2166.595,44194.789853443,4.213212,0,2166.595
503934,3.114512,2145.355,44194.789866037,4.214512,0,2145.355
503951,3.113212,2124.113,44194.789878629,4.213212,0,2124.113
503968,3.113212,2124.113,44194.789891222,4.213212,0,2124.113
503985,3.114512,2102.872,44194.789903814,4.214512,0,2102.872
504002,3.113212,2081.631,44194.789916406,4.213212,0,2081.631
504019,3.114512,2081.631,44194.789929000,4.214512,0,2081.631
504036,3.113212,2060.39,44194.789941592,4.213212,0,2060.39
504053,3.114512,2039.148,44194.789954185,4.214512,0,2039.148
504070,3.113212,2039.148,44194.789966777,4.213212,0,2039.148
504087,3.113212,2017.907,44194.789979369,4.213212,0,2017.907
504104,3.113212,2017.907,44194.789991963,4.213212,0,2017.907
504121,3.113212,1996.666,44194.790004555,4.213212,0,1996.666
504138,3.114512,1975.426,44194.790017148,4.214512,0,1975.426
504155,3.113212,1975.426,44194.790029740,4.213212,0,1975.426
504172,3.114512,1954.185,44194.790042332,4.214512,0,1954.185
504189,3.114512,1954.185,44194.790054926,4.214512,0,1954.185
504206,3.114512,1932.943,44194.790067518,4.214512,0,1932.943
504223,3.114512,1911.702,44194.790080111,4.214512,0,1911.702
504240,3.113212,1911.702,44194.790092703,4.213212,0,1911.702
504257,3.114512,1890.461,44194.790105295,4.214512,0,1890.461
504274,3.114512,1890.461,44194.790117889,4.214512,0,1890.461
504291,3.114512,1869.219,44194.790130481,4.214512,0,1869.219
504308,3.114512,1869.219,44194.790143074,4.214512,0,1869.219
504325,3.114512,1847.978,44194.790155666,4.214512,0,1847.978
504342,3.114512,1847.978,44194.790168258,4.214512,0,1847.978
504359,3.114512,1826.737,44194.790180852,4.214512,0,1826.737
504376,3.114512,1826.737,44194.790193444,4.214512,0,1826.737
504393,3.114512,1805.496,44194.790206037,4.214512,0,1805.496
504410,3.114512,1784.254,44194.790218629,4.214512,0,1784.254
504427,3.115815,1784.254,44194.790231221,4.215815,0,1784.254
504444,3.114512,1763.013,44194.790243815,4.214512,0,1763.013
504461,3.115815,1763.013,44194.790256407,4.215815,0,1763.013
504478,3.114512,1741.773,44194.790269000,4.214512,0,1741.773
504495,3.114512,1741.773,44194.790281592,4.214512,0,1741.773
504512,3.115815,1720.532,44194.790294184,4.215815,0,1720.532
504529,3.115815,1720.532,44194.790306778,4.215815,0,1720.532
504546,3.117114,1699.291,44194.790319370,4.217114,0,1699.291
504563,3.115815,1699.291,44194.790331963,4.215815,0,1699.291
504580,3.117114,1699.291,44194.790344555,4.217114,0,1699.291
504597,3.117114,1678.049,44194.790357147,4.217114,0,1678.049
504614,3.117114,1678.049,44194.790369741,4.217114,0,1678.049
504631,3.117114,1656.808,44194.790382332,4.217114,0,1656.808
504648,3.115815,1656.808,44194.790394926,4.215815,0,1656.808
504665,3.117114,1635.567,44194.790407518,4.217114,0,1635.567
504682,3.117114,1635.567,44194.790420110,4.217114,0,1635.567
504699,3.117114,1614.327,44194.790432704,4.217114,0,1614.327
504716,3.117114,1614.327,44194.790445295,4.217114,0,1614.327
504733,3.117114,1593.084,44194.790457889,4.217114,0,1593.084
504750,3.117114,1593.084,44194.790470481,4.217114,0,1593.084
504767,3.117114,1593.084,44194.790483073,4.217114,0,1593.084
504784,3.117114,1571.844,44194.790495667,4.217114,0,1571.844
504801,3.117114,1571.844,44194.790508258,4.217114,0,1571.844
504818,3.118417,1550.603,44194.790520852,4.218417,0,1550.603
504835,3.117114,1550.603,44194.790533444,4.217114,0,1550.603
504852,3.117114,1529.362,44194.790546036,4.217114,0,1529.362
504869,3.117114,1529.362,44194.790558630,4.217114,0,1529.362
504886,3.118417,1529.362,44194.790571221,4.218417,0,1529.362
504903,3.118417,1508.12,44194.790583815,4.218417,0,1508.12
504920,3.117114,1508.12,44194.790596407,4.217114,0,1508.12
504937,3.117114,1486.879,44194.790608999,4.217114,0,1486.879
504954,3.117114,1486.879,44194.790621592,4.217114,0,1486.879
504971,3.117114,1486.879,44194.790634184,4.217114,0,1486.879
504988,3.118417,1465.638,44194.790646778,4.218417,0,1465.638
505005,3.117114,1465.638,44194.790659370,4.217114,0,1465.638
505022,3.118417,1444.397,44194.790671962,4.218417,0,1444.397
505039,3.117114,1444.397,44194.790684555,4.217114,0,1444.397
505056,3.118417,1444.397,44194.790697147,4.218417,0,1444.397
505073,3.118417,1423.156,44194.790709741,4.218417,0,1423.156
505090,3.117114,1423.156,44194.790722333,4.217114,0,1423.156
505107,3.118417,1401.915,44194.790734925,4.218417,0,1401.915
505124,3.117114,1401.915,44194.790747518,4.217114,0,1401.915
505141,3.118417,1401.915,44194.790760110,4.218417,0,1401.915
505158,3.117114,1380.673,44194.790772704,4.217114,0,1380.673
505175,3.117114,1380.673,44194.790785296,4.217114,0,1380.673
505192,3.118417,1380.673,44194.790797888,4.218417,0,1380.673
505209,3.117114,1359.432,44194.790810481,4.217114,0,1359.432
505226,3.118417,1359.432,44194.790823073,4.218417,0,1359.432
505243,3.118417,1359.432,44194.790835667,4.218417,0,1359.432
505260,3.118417,1338.191,44194.790848259,4.218417,0,1338.191
505277,3.118417,1338.191,44194.790860851,4.218417,0,1338.191
505294,3.118417,1338.191,44194.790873444,4.218417,0,1338.191
505311,3.118417,1316.95,44194.790886036,4.218417,0,1316.95
505328,3.118417,1316.95,44194.790898628,4.218417,0,1316.95
505345,3.118417,1316.95,44194.790911222,4.218417,0,1316.95
505362,3.119717,1295.709,44194.790923814,4.219717,0,1295.709
505379,3.118417,1295.709,44194.790936407,4.218417,0,1295.709
505396,3.119717,1295.709,44194.790948999,4.219717,0,1295.709
505413,3.119717,1274.468,44194.790961591,4.219717,0,1274.468
505430,3.121015,1274.468,44194.790974185,4.221015,0,1274.468
505447,3.119717,1274.468,44194.790986777,4.219717,0,1274.468
505464,3.121015,1253.227,44194.790999370,4.221015,0,1253.227
505481,3.119717,1253.227,44194.791011962,4.219717,0,1253.227
505498,3.119717,1253.227,44194.791024554,4.219717,0,1253.227
505515,3.121015,1231.985,44194.791037148,4.221015,0,1231.985
505532,3.119717,1231.985,44194.791049740,4.219717,0,1231.985
505549,3.121015,1231.985,44194.791062333,4.221015,0,1231.985
505566,3.121015,1210.744,44194.791074925,4.221015,0,1210.744
505583,3.121015,1210.744,44194.791087519,4.221015,0,1210.744
505600,3.121015,1210.744,44194.791100111,4.221015,0,1210.744
505617,3.121015,1210.744,44194.791112703,4.221015,0,1210.744
505634,3.121015,1189.503,44194.791125296,4.221015,0,1189.503
505651,3.121015,1189.503,44194.791137888,4.221015,0,1189.503
505668,3.122319,1189.503,44194.791150480,4.222319,0,1189.503
505685,3.121015,1168.262,44194.791163074,4.221015,0,1168.262
505702,3.121015,1168.262,44194.791175666,4.221015,0,1168.262
505719,3.121015,1168.262,44194.791188259,4.221015,0,1168.262
505736,3.119717,1147.021,44194.791200851,4.219717,0,1147.021
505753,3.121015,1147.021,44194.791213443,4.221015,0,1147.021
505770,3.121015,1147.021,44194.791226037,4.221015,0,1147.021
505787,3.121015,1147.021,44194.791238629,4.221015,0,1147.021
505804,3.121015,1125.78,44194.791251222,4.221015,0,1125.78
505821,3.122319,1125.78,44194.791263814,4.222319,0,1125.78
505838,3.121015,1125.78,44194.791276406,4.221015,0,1125.78
505855,3.121015,1125.78,44194.791289000,4.221015,0,1125.78
505872,3.122319,1104.539,44194.791301592,4.222319,0,1104.539
505889,3.121015,1104.539,44194.791314185,4.221015,0,1104.539
505906,3.121015,1104.539,44194.791326777,4.221015,0,1104.539
505923,3.121015,1083.298,44194.791339369,4.221015,0,1083.298
505940,3.121015,1083.298,44194.791351963,4.221015,0,1083.298
505957,3.122319,1083.298,44194.791364554,4.222319,0,1083.298
505974,3.121015,1083.298,44194.791377148,4.221015,0,1083.298
505991,3.122319,1062.057,44194.791389740,4.222319,0,1062.057
506008,3.121015,1062.057,44194.791402332,4.221015,0,1062.057
506025,3.121015,1062.057,44194.791414926,4.221015,0,1062.057
506042,3.121015,1062.057,44194.791427517,4.221015,0,1062.057
506059,3.121015,1040.815,44194.791440111,4.221015,0,1040.815
506076,3.122319,1040.815,44194.791452703,4.222319,0,1040.815
506093,3.121015,1040.815,44194.791465295,4.221015,0,1040.815
506110,3.122319,1040.815,44194.791477889,4.222319,0,1040.815
506127,3.121015,1019.574,44194.791490480,4.221015,0,1019.574
506144,3.121015,1019.574,44194.791503074,4.221015,0,1019.574
506161,3.121015,1019.574,44194.791515666,4.221015,0,1019.574
506178,3.121015,1019.574,44194.791528258,4.221015,0,1019.574
506195,3.121015,998.3332,44194.791540852,4.221015,0,998.3332
506212,3.121015,998.3332,44194.791553443,4.221015,0,998.3332
506229,3.122319,998.3332,44194.791566037,4.222319,0,998.3332
506246,3.122319,998.3332,44194.791578629,4.222319,0,998.3332
506263,3.121015,977.0921,44194.791591221,4.221015,0,977.0921
506280,3.121015,977.0921,44194.791603815,4.221015,0,977.0921
506297,3.121015,977.0921,44194.791616406,4.221015,0,977.0921
506314,3.121015,977.0921,44194.791629000,4.221015,0,977.0921
506331,3.121015,955.8509,44194.791641592,4.221015,0,955.8509
506348,3.121015,955.8509,44194.791654184,4.221015,0,955.8509
506365,3.121015,955.8509,44194.791666777,4.221015,0,955.8509
506382,3.121015,955.8509,44194.791679369,4.221015,0,955.8509
506399,3.122319,955.8509,44194.791691963,4.222319,0,955.8509
506416,3.121015,934.6097,44194.791704555,4.221015,0,934.6097
506433,3.122319,934.6097,44194.791717147,4.222319,0,934.6097
506450,3.121015,934.6097,44194.791729740,4.221015,0,934.6097
506467,3.122319,934.6097,44194.791742332,4.222319,0,934.6097
506484,3.122319,913.3687,44194.791754926,4.222319,0,913.3687
506501,3.121015,913.3687,44194.791767518,4.221015,0,913.3687
506518,3.122319,913.3687,44194.791780110,4.222319,0,913.3687
506535,3.122319,913.3687,44194.791792703,4.222319,0,913.3687
506552,3.123618,913.3687,44194.791805295,4.223618,0,913.3687
506569,3.122319,892.1276,44194.791817889,4.222319,0,892.1276
506586,3.122319,892.1276,44194.791830481,4.222319,0,892.1276
506603,3.123618,892.1276,44194.791843073,4.223618,0,892.1276
506620,3.122319,892.1276,44194.791855666,4.222319,0,892.1276
506637,3.123618,892.1276,44194.791868258,4.223618,0,892.1276
506654,3.122319,870.8863,44194.791880852,4.222319,0,870.8863
506671,3.123618,870.8863,44194.791893444,4.223618,0,870.8863
506688,3.123618,870.8863,44194.791906036,4.223618,0,870.8863
506705,3.123618,870.8863,44194.791918629,4.223618,0,870.8863
506722,3.123618,870.8863,44194.791931221,4.223618,0,870.8863
506739,3.122319,849.6453,44194.791943815,4.222319,0,849.6453
506756,3.123618,849.6453,44194.791956407,4.223618,0,849.6453
506773,3.122319,849.6453,44194.791968999,4.222319,0,849.6453
506790,3.123618,849.6453,44194.791981592,4.223618,0,849.6453
506807,3.123618,849.6453,44194.791994184,4.223618,0,849.6453
506824,3.123618,828.4042,44194.792006778,4.223618,0,828.4042
506841,3.123618,828.4042,44194.792019370,4.223618,0,828.4042
506858,3.122319,828.4042,44194.792031962,4.222319,0,828.4042
506875,3.123618,828.4042,44194.792044555,4.223618,0,828.4042
506892,3.123618,828.4042,44194.792057147,4.223618,0,828.4042
506909,3.123618,807.163,44194.792069741,4.223618,0,807.163
506926,3.123618,807.163,44194.792082333,4.223618,0,807.163
506943,3.123618,807.163,44194.792094925,4.223618,0,807.163
506960,3.123618,807.163,44194.792107518,4.223618,0,807.163
506977,3.123618,807.163,44194.792120110,4.223618,0,807.163
506994,3.123618,807.163,44194.792132704,4.223618,0,807.163
507011,3.123618,785.922,44194.792145296,4.223618,0,785.922
507028,3.122319,785.922,44194.792157888,4.222319,0,785.922
507045,3.123618,785.922,44194.792170481,4.223618,0,785.922
507062,3.123618,785.922,44194.792183073,4.223618,0,785.922
507079,3.123618,785.922,44194.792195667,4.223618,0,785.922
507096,3.123618,764.6809,44194.792208259,4.223618,0,764.6809
507113,3.123618,764.6809,44194.792220851,4.223618,0,764.6809
507130,3.123618,764.6809,44194.792233444,4.223618,0,764.6809
507147,3.123618,764.6809,44194.792246036,4.223618,0,764.6809
507164,3.123618,764.6809,44194.792258630,4.223618,0,764.6809
507181,3.123618,764.6809,44194.792271222,4.223618,0,764.6809
507198,3.123618,743.4395,44194.792283814,4.223618,0,743.4395
507215,3.123618,743.4395,44194.792296407,4.223618,0,743.4395
507232,3.124921,743.4395,44194.792308999,4.224921,0,743.4395
507249,3.123618,743.4395,44194.792321593,4.223618,0,743.4395
507266,3.123618,743.4395,44194.792334185,4.223618,0,743.4395
507283,3.123618,743.4395,44194.792346776,4.223618,0,743.4395
507300,3.122319,722.1984,44194.792359370,4.222319,0,722.1984
507317,3.123618,722.1984,44194.792371962,4.223618,0,722.1984
507334,3.123618,722.1984,44194.792384556,4.223618,0,722.1984
507351,3.123618,722.1984,44194.792397148,4.223618,0,722.1984
507368,3.123618,722.1984,44194.792409740,4.223618,0,722.1984
507385,3.122319,722.1984,44194.792422333,4.222319,0,722.1984
507402,3.123618,700.9573,44194.792434925,4.223618,0,700.9573
507419,3.123618,700.9573,44194.792447519,4.223618,0,700.9573
507436,3.123618,700.9573,44194.792460111,4.223618,0,700.9573
507453,3.123618,700.9573,44194.792472702,4.223618,0,700.9573
507470,3.123618,700.9573,44194.792485296,4.223618,0,700.9573
507487,3.123618,700.9573,44194.792497888,4.223618,0,700.9573
507504,3.122319,679.7162,44194.792510482,4.222319,0,679.7162
507521,3.124921,679.7162,44194.792523073,4.224921,0,679.7162
507538,3.123618,679.7162,44194.792535665,4.223618,0,679.7162
507555,3.124921,679.7162,44194.792548259,4.224921,0,679.7162
507572,3.123618,679.7162,44194.792560851,4.223618,0,679.7162
507589,3.123618,679.7162,44194.792573445,4.223618,0,679.7162
507606,3.124921,679.7162,44194.792586037,4.224921,0,679.7162
507623,3.123618,658.4751,44194.792598628,4.223618,0,658.4751
507640,3.123618,658.4751,44194.792611222,4.223618,0,658.4751
507657,3.123618,658.4751,44194.792623814,4.223618,0,658.4751
507674,3.124921,658.4751,44194.792636408,4.224921,0,658.4751
507691,3.124921,658.4751,44194.792649000,4.224921,0,658.4751
507708,3.123618,658.4751,44194.792661591,4.223618,0,658.4751
507725,3.124921,637.2339,44194.792674185,4.224921,0,637.2339
507742,3.123618,637.2339,44194.792686777,4.223618,0,637.2339
507759,3.124921,637.2339,44194.792699371,4.224921,0,637.2339
507776,3.124921,637.2339,44194.792711963,4.224921,0,637.2339
507793,3.123618,637.2339,44194.792724554,4.223618,0,637.2339
507810,3.124921,637.2339,44194.792737148,4.224921,0,637.2339
507827,3.123618,637.2339,44194.792749740,4.223618,0,637.2339
507844,3.124921,615.9929,44194.792762334,4.224921,0,615.9929
507861,3.123618,615.9929,44194.792774925,4.223618,0,615.9929
507878,3.123618,615.9929,44194.792787517,4.223618,0,615.9929
507895,3.124921,615.9929,44194.792800111,4.224921,0,615.9929
507912,3.123618,615.9929,44194.792812703,4.223618,0,615.9929
507929,3.124921,615.9929,44194.792825297,4.224921,0,615.9929
507946,3.123618,594.7516,44194.792837888,4.223618,0,594.7516
507963,3.124921,594.7516,44194.792850480,4.224921,0,594.7516
507980,3.123618,594.7516,44194.792863074,4.223618,0,594.7516
507997,3.123618,594.7516,44194.792875666,4.223618,0,594.7516
508014,3.124921,594.7516,44194.792888258,4.224921,0,594.7516
508031,3.123618,594.7516,44194.792900851,4.223618,0,594.7516
508048,3.124921,573.5106,44194.792913443,4.224921,0,573.5106
508065,3.123618,573.5106,44194.792926037,4.223618,0,573.5106
508082,3.124921,573.5106,44194.792938629,4.224921,0,573.5106
508099,3.123618,573.5106,44194.792951222,4.223618,0,573.5106
508116,3.124921,573.5106,44194.792963814,4.224921,0,573.5106
508133,3.124921,573.5106,44194.792976406,4.224921,0,573.5106
508150,3.123618,552.2693,44194.792989000,4.223618,0,552.2693
508167,3.124921,552.2693,44194.793001592,4.224921,0,552.2693
508184,3.124921,552.2693,44194.793014185,4.224921,0,552.2693
508201,3.124921,552.2693,44194.793026777,4.224921,0,552.2693
508218,3.124921,552.2693,44194.793039369,4.224921,0,552.2693
508235,3.123618,552.2693,44194.793051963,4.223618,0,552.2693
508252,3.124921,531.0283,44194.793064555,4.224921,0,531.0283
508269,3.123618,531.0283,44194.793077147,4.223618,0,531.0283
508286,3.124921,531.0283,44194.793089740,4.224921,0,531.0283
508303,3.124921,531.0283,44194.793102332,4.224921,0,531.0283
508320,3.124921,531.0283,44194.793114926,4.224921,0,531.0283
508337,3.124921,531.0283,44194.793127518,4.224921,0,531.0283
508354,3.124921,509.7872,44194.793140110,4.224921,0,509.7872
508371,3.124921,509.7872,44194.793152703,4.224921,0,509.7872
508388,3.124921,509.7872,44194.793165295,4.224921,0,509.7872
508405,3.124921,509.7872,44194.793177889,4.224921,0,509.7872
508422,3.124921,509.7872,44194.793190481,4.224921,0,509.7872
508439,3.124921,509.7872,44194.793203073,4.224921,0,509.7872
508456,3.124921,509.7872,44194.793215666,4.224921,0,509.7872
508473,3.123618,509.7872,44194.793228258,4.223618,0,509.7872
508490,3.124921,488.546,44194.793240852,4.224921,0,488.546
508507,3.124921,488.546,44194.793253444,4.224921,0,488.546
508524,3.124921,488.546,44194.793266036,4.224921,0,488.546
508541,3.124921,488.546,44194.793278629,4.224921,0,488.546
508558,3.124921,488.546,44194.793291221,4.224921,0,488.546
508575,3.124921,488.546,44194.793303815,4.224921,0,488.546
508592,3.124921,488.546,44194.793316407,4.224921,0,488.546
508609,3.126221,467.3049,44194.793328999,4.226221,0,467.3049
508626,3.126221,467.3049,44194.793341592,4.226221,0,467.3049
508643,3.12752,467.3049,44194.793354184,4.22752,0,467.3049
508660,3.126221,467.3049,44194.793366778,4.226221,0,467.3049
508677,3.126221,467.3049,44194.793379370,4.226221,0,467.3049
508694,3.126221,467.3049,44194.793391961,4.226221,0,467.3049
508711,3.126221,467.3049,44194.793404555,4.226221,0,467.3049
508728,3.126221,467.3049,44194.793417147,4.226221,0,467.3049
508745,3.126221,467.3049,44194.793429741,4.226221,0,467.3049
508762,3.124921,446.0637,44194.793442333,4.224921,0,446.0637
508779,3.126221,446.0637,44194.793454925,4.226221,0,446.0637
508796,3.126221,446.0637,44194.793467518,4.226221,0,446.0637
508813,3.12752,446.0637,44194.793480110,4.22752,0,446.0637
508830,3.126221,446.0637,44194.793492704,4.226221,0,446.0637
508847,3.126221,446.0637,44194.793505296,4.226221,0,446.0637
508864,3.126221,446.0637,44194.793517887,4.226221,0,446.0637
508881,3.12752,446.0637,44194.793530481,4.22752,0,446.0637
508898,3.12752,424.8227,44194.793543073,4.22752,0,424.8227
508915,3.126221,424.8227,44194.793555667,4.226221,0,424.8227
508932,3.12752,424.8227,44194.793568259,4.22752,0,424.8227
508949,3.126221,424.8227,44194.793580850,4.226221,0,424.8227
508966,3.12752,424.8227,44194.793593444,4.22752,0,424.8227
508983,3.126221,424.8227,44194.793606036,4.226221,0,424.8227
509000,3.126221,424.8227,44194.793618630,4.226221,0,424.8227
509017,3.12752,424.8227,44194.793631222,4.22752,0,424.8227
509034,3.126221,424.8227,44194.793643813,4.226221,0,424.8227
509051,3.12752,424.8227,44194.793656407,4.22752,0,424.8227
509068,3.126221,403.5816,44194.793668999,4.226221,0,403.5816
509085,3.12752,403.5816,44194.793681593,4.22752,0,403.5816
509102,3.126221,403.5816,44194.793694185,4.226221,0,403.5816
509119,3.126221,403.5816,44194.793706776,4.226221,0,403.5816
509136,3.12752,403.5816,44194.793719370,4.22752,0,403.5816
509153,3.126221,403.5816,44194.793731962,4.226221,0,403.5816
509170,3.12752,403.5816,44194.793744556,4.22752,0,403.5816
509187,3.126221,403.5816,44194.793757147,4.226221,0,403.5816
509204,3.126221,403.5816,44194.793769739,4.226221,0,403.5816
509221,3.126221,403.5816,44194.793782333,4.226221,0,403.5816
509238,3.126221,382.3404,44194.793794925,4.226221,0,382.3404
509255,3.12752,382.3404,44194.793807519,4.22752,0,382.3404
509272,3.126221,382.3404,44194.793820110,4.226221,0,382.3404
509289,3.12752,382.3404,44194.793832702,4.22752,0,382.3404
509306,3.12752,382.3404,44194.793845296,4.22752,0,382.3404
509323,3.12752,382.3404,44194.793857888,4.22752,0,382.3404
509340,3.12752,382.3404,44194.793870482,4.22752,0,382.3404
509357,3.126221,382.3404,44194.793883073,4.226221,0,382.3404
509374,3.12752,382.3404,44194.793895665,4.22752,0,382.3404
509391,3.126221,382.3404,44194.793908259,4.226221,0,382.3404
509408,3.12752,382.3404,44194.793920851,4.22752,0,382.3404
509425,3.12752,361.0992,44194.793933445,4.22752,0,361.0992
509442,3.126221,361.0992,44194.793946036,4.226221,0,361.0992
509459,3.12752,361.0992,44194.793958628,4.22752,0,361.0992
509476,3.12752,361.0992,44194.793971222,4.22752,0,361.0992
509493,3.12752,361.0992,44194.793983814,4.22752,0,361.0992
509510,3.12752,361.0992,44194.793996408,4.22752,0,361.0992
509527,3.12752,361.0992,44194.794008999,4.22752,0,361.0992
509544,3.12752,361.0992,44194.794021591,4.22752,0,361.0992
509561,3.126221,361.0992,44194.794034185,4.226221,0,361.0992
509578,3.12752,361.0992,44194.794046777,4.22752,0,361.0992
509595,3.12752,361.0992,44194.794059370,4.22752,0,361.0992
509612,3.12752,361.0992,44194.794071962,4.22752,0,361.0992
509629,3.12752,339.8581,44194.794084554,4.22752,0,339.8581
509646,3.12752,339.8581,44194.794097148,4.22752,0,339.8581
509663,3.12752,339.8581,44194.794109740,4.22752,0,339.8581
509680,3.126221,339.8581,44194.794122334,4.226221,0,339.8581
509697,3.12752,339.8581,44194.794134925,4.22752,0,339.8581
509714,3.12752,339.8581,44194.794147517,4.22752,0,339.8581
509731,3.12752,339.8581,44194.794160111,4.22752,0,339.8581
509748,3.126221,339.8581,44194.794172703,4.226221,0,339.8581
509765,3.12752,339.8581,44194.794185296,4.22752,0,339.8581
509782,3.12752,339.8581,44194.794197888,4.22752,0,339.8581
509799,3.12752,339.8581,44194.794210480,4.22752,0,339.8581
509816,3.12752,339.8581,44194.794223074,4.22752,0,339.8581
509833,3.12752,339.8581,44194.794235666,4.22752,0,339.8581
509850,3.12752,318.617,44194.794248259,4.22752,0,318.617
509867,3.12752,318.617,44194.794260851,4.22752,0,318.617
509884,3.126221,318.617,44194.794273443,4.226221,0,318.617
509901,3.12752,318.617,44194.794286037,4.22752,0,318.617
509918,3.126221,318.617,44194.794298629,4.226221,0,318.617
509935,3.12752,318.617,44194.794311222,4.22752,0,318.617
509952,3.126221,318.617,44194.794323814,4.226221,0,318.617
509969,3.126221,318.617,44194.794336406,4.226221,0,318.617
509986,3.12752,318.617,44194.794349000,4.22752,0,318.617
510003,3.12752,318.617,44194.794361592,4.22752,0,318.617
510020,3.12752,318.617,44194.794374185,4.22752,0,318.617
510037,3.12752,318.617,44194.794386777,4.22752,0,318.617
510054,3.12752,318.617,44194.794399369,4.22752,0,318.617
510071,3.12752,318.617,44194.794411963,4.22752,0,318.617
510088,3.126221,297.3758,44194.794424555,4.226221,0,297.3758
510105,3.12752,297.3758,44194.794437148,4.22752,0,297.3758
510122,3.126221,297.3758,44194.794449740,4.226221,0,297.3758
510139,3.12752,297.3758,44194.794462332,4.22752,0,297.3758
510156,3.126221,297.3758,44194.794474926,4.226221,0,297.3758
510173,3.12752,297.3758,44194.794487518,4.22752,0,297.3758
510190,3.12752,297.3758,44194.794500111,4.22752,0,297.3758
510207,3.126221,297.3758,44194.794512703,4.226221,0,297.3758
510224,3.128823,297.3758,44194.794525295,4.228823,0,297.3758
510241,3.126221,297.3758,44194.794537889,4.226221,0,297.3758
510258,3.12752,297.3758,44194.794550481,4.22752,0,297.3758
510275,3.126221,297.3758,44194.794563074,4.226221,0,297.3758
510292,3.12752,297.3758,44194.794575666,4.22752,0,297.3758
510309,3.12752,297.3758,44194.794588258,4.22752,0,297.3758
510326,3.126221,297.3758,44194.794600852,4.226221,0,297.3758
510343,3.12752,276.1347,44194.794613444,4.22752,0,276.1347
510360,3.126221,276.1347,44194.794626037,4.226221,0,276.1347
510377,3.12752,276.1347,44194.794638629,4.22752,0,276.1347
510394,3.12752,276.1347,44194.794651221,4.22752,0,276.1347
510411,3.126221,276.1347,44194.794663815,4.226221,0,276.1347
510428,3.12752,276.1347,44194.794676407,4.22752,0,276.1347
510445,3.126221,276.1347,44194.794689000,4.226221,0,276.1347
510462,3.12752,276.1347,44194.794701592,4.22752,0,276.1347
510479,3.12752,276.1347,44194.794714184,4.22752,0,276.1347
510496,3.12752,276.1347,44194.794726778,4.22752,0,276.1347
510513,3.12752,276.1347,44194.794739370,4.22752,0,276.1347
510530,3.12752,276.1347,44194.794751963,4.22752,0,276.1347
510547,3.12752,276.1347,44194.794764555,4.22752,0,276.1347
510564,3.126221,276.1347,44194.794777147,4.226221,0,276.1347
510581,3.12752,276.1347,44194.794789741,4.22752,0,276.1347
510598,3.126221,276.1347,44194.794802333,4.226221,0,276.1347
510615,3.12752,276.1347,44194.794814926,4.22752,0,276.1347
510632,3.12752,254.8935,44194.794827518,4.22752,0,254.8935
510649,3.12752,254.8935,44194.794840110,4.22752,0,254.8935
510666,3.128823,254.8935,44194.794852704,4.228823,0,254.8935
510683,3.12752,254.8935,44194.794865295,4.22752,0,254.8935
510700,3.12752,254.8935,44194.794877887,4.22752,0,254.8935
510717,3.126221,254.8935,44194.794890481,4.226221,0,254.8935
510734,3.12752,254.8935,44194.794903073,4.22752,0,254.8935
510751,3.128823,254.8935,44194.794915667,4.228823,0,254.8935
510768,3.12752,254.8935,44194.794928258,4.22752,0,254.8935
510785,3.12752,254.8935,44194.794940852,4.22752,0,254.8935
510802,3.12752,254.8935,44194.794953444,4.22752,0,254.8935
510819,3.128823,254.8935,44194.794966036,4.228823,0,254.8935
510836,3.12752,254.8935,44194.794978630,4.22752,0,254.8935
510853,3.126221,254.8935,44194.794991221,4.226221,0,254.8935
510870,3.12752,254.8935,44194.795003813,4.22752,0,254.8935
510887,3.126221,254.8935,44194.795016407,4.226221,0,254.8935
510904,3.12752,254.8935,44194.795028999,4.22752,0,254.8935
510921,3.12752,254.8935,44194.795041593,4.22752,0,254.8935
510938,3.12752,254.8935,44194.795054184,4.22752,0,254.8935
510955,3.12752,254.8935,44194.795066776,4.22752,0,254.8935
510972,3.126221,233.6525,44194.795079370,4.226221,0,233.6525
510989,3.12752,233.6525,44194.795091962,4.22752,0,233.6525
511006,3.12752,233.6525,44194.795104556,4.22752,0,233.6525
511023,3.12752,233.6525,44194.795117147,4.22752,0,233.6525
511040,3.12752,233.6525,44194.795129739,4.22752,0,233.6525
511057,3.12752,233.6525,44194.795142333,4.22752,0,233.6525
511074,3.12752,233.6525,44194.795154925,4.22752,0,233.6525
511091,3.12752,233.6525,44194.795167518,4.22752,0,233.6525
511108,3.12752,233.6525,44194.795180110,4.22752,0,233.6525
511125,3.12752,233.6525,44194.795192702,4.22752,0,233.6525
511142,3.12752,233.6525,44194.795205296,4.22752,0,233.6525
511159,3.126221,233.6525,44194.795217888,4.226221,0,233.6525
511176,3.12752,233.6525,44194.795230482,4.22752,0,233.6525
511193,3.128823,233.6525,44194.795243073,4.228823,0,233.6525
511210,3.12752,233.6525,44194.795255665,4.22752,0,233.6525
511227,3.128823,233.6525,44194.795268259,4.228823,0,233.6525
511244,3.12752,233.6525,44194.795280851,4.22752,0,233.6525
511261,3.12752,233.6525,44194.795293444,4.22752,0,233.6525
511278,3.12752,233.6525,44194.795306036,4.22752,0,233.6525
511295,3.12752,233.6525,44194.795318628,4.22752,0,233.6525
511312,3.12752,233.6525,44194.795331222,4.22752,0,233.6525
511329,3.126221,212.4114,44194.795343814,4.226221,0,212.4114
511346,3.12752,212.4114,44194.795356407,4.22752,0,212.4114
511363,3.12752,212.4114,44194.795368999,4.22752,0,212.4114
511380,3.12752,212.4114,44194.795381591,4.22752,0,212.4114
511397,3.12752,212.4114,44194.795394185,4.22752,0,212.4114
511414,3.12752,212.4114,44194.795406777,4.22752,0,212.4114
511431,3.128823,212.4114,44194.795419370,4.228823,0,212.4114
511448,3.12752,212.4114,44194.795431962,4.22752,0,212.4114
511465,3.12752,212.4114,44194.795444554,4.22752,0,212.4114
511482,3.12752,212.4114,44194.795457148,4.22752,0,212.4114
511499,3.12752,212.4114,44194.795469740,4.22752,0,212.4114
511516,3.12752,212.4114,44194.795482333,4.22752,0,212.4114
511533,3.126221,212.4114,44194.795494925,4.226221,0,212.4114
511550,3.12752,212.4114,44194.795507517,4.22752,0,212.4114
511567,3.12752,212.4114,44194.795520111,4.22752,0,212.4114
511584,3.12752,212.4114,44194.795532703,4.22752,0,212.4114
511601,3.12752,212.4114,44194.795545296,4.22752,0,212.4114
511618,3.12752,212.4114,44194.795557888,4.22752,0,212.4114
511635,3.128823,212.4114,44194.795570480,4.228823,0,212.4114
511652,3.12752,212.4114,44194.795583074,4.22752,0,212.4114
511669,3.128823,212.4114,44194.795595666,4.228823,0,212.4114
511686,3.12752,212.4114,44194.795608259,4.22752,0,212.4114
511703,3.12752,212.4114,44194.795620851,4.22752,0,212.4114
511720,3.12752,191.1702,44194.795633443,4.22752,0,191.1702
511737,3.12752,191.1702,44194.795646037,4.22752,0,191.1702
511754,3.12752,191.1702,44194.795658629,4.22752,0,191.1702
511771,3.12752,191.1702,44194.795671222,4.22752,0,191.1702
511788,3.128823,191.1702,44194.795683814,4.228823,0,191.1702
511805,3.12752,191.1702,44194.795696406,4.22752,0,191.1702
511822,3.128823,191.1702,44194.795709000,4.228823,0,191.1702
511839,3.12752,191.1702,44194.795721592,4.22752,0,191.1702
511856,3.12752,191.1702,44194.795734185,4.22752,0,191.1702
511873,3.12752,191.1702,44194.795746777,4.22752,0,191.1702
511890,3.12752,191.1702,44194.795759369,4.22752,0,191.1702
511907,3.12752,191.1702,44194.795771963,4.22752,0,191.1702
511924,3.12752,191.1702,44194.795784555,4.22752,0,191.1702
511941,3.12752,191.1702,44194.795797148,4.22752,0,191.1702
511958,3.128823,191.1702,44194.795809740,4.228823,0,191.1702
511975,3.12752,191.1702,44194.795822332,4.22752,0,191.1702
511992,3.128823,191.1702,44194.795834926,4.228823,0,191.1702
512009,3.12752,191.1702,44194.795847518,4.22752,0,191.1702
512026,3.12752,191.1702,44194.795860111,4.22752,0,191.1702
512043,3.12752,191.1702,44194.795872703,4.22752,0,191.1702
512060,3.126221,191.1702,44194.795885295,4.226221,0,191.1702
512077,3.12752,191.1702,44194.795897889,4.22752,0,191.1702
512094,3.12752,191.1702,44194.795910481,4.22752,0,191.1702
512111,3.128823,191.1702,44194.795923074,4.228823,0,191.1702
512128,3.12752,191.1702,44194.795935666,4.22752,0,191.1702
512145,3.12752,191.1702,44194.795948258,4.22752,0,191.1702
512162,3.128823,191.1702,44194.795960852,4.228823,0,191.1702
512179,3.12752,191.1702,44194.795973443,4.22752,0,191.1702
512196,3.128823,169.9291,44194.795986037,4.228823,0,169.9291
512213,3.12752,169.9291,44194.795998629,4.22752,0,169.9291
512230,3.128823,169.9291,44194.796011221,4.228823,0,169.9291
512247,3.12752,169.9291,44194.796023815,4.22752,0,169.9291
512264,3.12752,169.9291,44194.796036406,4.22752,0,169.9291
512281,3.128823,169.9291,44194.796049000,4.228823,0,169.9291
512298,3.12752,169.9291,44194.796061592,4.22752,0,169.9291
512315,3.128823,169.9291,44194.796074184,4.228823,0,169.9291
512332,3.12752,169.9291,44194.796086778,4.22752,0,169.9291
512349,3.12752,169.9291,44194.796099369,4.22752,0,169.9291
512366,3.12752,169.9291,44194.796111963,4.22752,0,169.9291
512383,3.12752,169.9291,44194.796124555,4.22752,0,169.9291
512400,3.128823,169.9291,44194.796137147,4.228823,0,169.9291
512417,3.12752,169.9291,44194.796149740,4.22752,0,169.9291
512434,3.128823,169.9291,44194.796162332,4.228823,0,169.9291
512451,3.12752,169.9291,44194.796174926,4.22752,0,169.9291
512468,3.12752,169.9291,44194.796187518,4.22752,0,169.9291
512485,3.12752,169.9291,44194.796200110,4.22752,0,169.9291
512502,3.12752,169.9291,44194.796212703,4.22752,0,169.9291
512519,3.12752,169.9291,44194.796225295,4.22752,0,169.9291
512536,3.12752,169.9291,44194.796237889,4.22752,0,169.9291
512553,3.128823,169.9291,44194.796250481,4.228823,0,169.9291
512570,3.12752,169.9291,44194.796263073,4.22752,0,169.9291
512587,3.12752,169.9291,44194.796275666,4.22752,0,169.9291
512604,3.12752,169.9291,44194.796288258,4.22752,0,169.9291
512621,3.12752,169.9291,44194.796300852,4.22752,0,169.9291
512638,3.128823,169.9291,44194.796313444,4.228823,0,169.9291
512655,3.12752,169.9291,44194.796326036,4.22752,0,169.9291
512672,3.128823,169.9291,44194.796338629,4.228823,0,169.9291
512689,3.12752,169.9291,44194.796351221,4.22752,0,169.9291
512706,3.12752,169.9291,44194.796363815,4.22752,0,169.9291
512723,3.128823,169.9291,44194.796376407,4.228823,0,169.9291
512740,3.12752,169.9291,44194.796388999,4.22752,0,169.9291
512757,3.128823,148.6879,44194.796401592,4.228823,0,148.6879
512774,3.12752,148.6879,44194.796414184,4.22752,0,148.6879
512791,3.128823,148.6879,44194.796426778,4.228823,0,148.6879
512808,3.12752,148.6879,44194.796439370,4.22752,0,148.6879
512825,3.12752,148.6879,44194.796451962,4.22752,0,148.6879
512842,3.128823,148.6879,44194.796464555,4.228823,0,148.6879
512859,3.12752,148.6879,44194.796477147,4.22752,0,148.6879
512876,3.128823,148.6879,44194.796489741,4.228823,0,148.6879
512893,3.12752,148.6879,44194.796502333,4.22752,0,148.6879
512910,3.128823,148.6879,44194.796514925,4.228823,0,148.6879
512927,3.12752,148.6879,44194.796527518,4.22752,0,148.6879
512944,3.12752,148.6879,44194.796540110,4.22752,0,148.6879
512961,3.128823,148.6879,44194.796552704,4.228823,0,148.6879
512978,3.12752,148.6879,44194.796565296,4.22752,0,148.6879
512995,3.128823,148.6879,44194.796577888,4.228823,0,148.6879
513012,3.128823,148.6879,44194.796590481,4.228823,0,148.6879
513029,3.128823,148.6879,44194.796603073,4.228823,0,148.6879
513046,3.128823,148.6879,44194.796615667,4.228823,0,148.6879
513063,3.12752,148.6879,44194.796628259,4.22752,0,148.6879
513080,3.128823,148.6879,44194.796640851,4.228823,0,148.6879
513097,3.12752,148.6879,44194.796653444,4.22752,0,148.6879
513114,3.12752,148.6879,44194.796666036,4.22752,0,148.6879
513131,3.12752,148.6879,44194.796678630,4.22752,0,148.6879
513148,3.12752,148.6879,44194.796691222,4.22752,0,148.6879
513165,3.128823,148.6879,44194.796703814,4.228823,0,148.6879
513182,3.12752,148.6879,44194.796716407,4.22752,0,148.6879
513199,3.12752,148.6879,44194.796728999,4.22752,0,148.6879
513216,3.12752,148.6879,44194.796741593,4.22752,0,148.6879
513233,3.128823,148.6879,44194.796754185,4.228823,0,148.6879
513250,3.12752,148.6879,44194.796766777,4.22752,0,148.6879
513267,3.12752,148.6879,44194.796779370,4.22752,0,148.6879
513284,3.128823,148.6879,44194.796791962,4.228823,0,148.6879
513301,3.12752,148.6879,44194.796804556,4.22752,0,148.6879
513318,3.128823,148.6879,44194.796817148,4.228823,0,148.6879
513335,3.12752,148.6879,44194.796829740,4.22752,0,148.6879
513352,3.128823,127.4468,44194.796842333,4.228823,0,127.4468
513369,3.128823,127.4468,44194.796854925,4.228823,0,127.4468
513386,3.128823,127.4468,44194.796867519,4.228823,0,127.4468
513403,3.128823,127.4468,44194.796880111,4.228823,0,127.4468
513420,3.128823,127.4468,44194.796892702,4.228823,0,127.4468
513437,3.128823,127.4468,44194.796905296,4.228823,0,127.4468
513454,3.128823,127.4468,44194.796917888,4.228823,0,127.4468
513471,3.128823,127.4468,44194.796930482,4.228823,0,127.4468
513488,3.128823,127.4468,44194.796943074,4.228823,0,127.4468
513505,3.128823,127.4468,44194.796955665,4.228823,0,127.4468
513522,3.128823,127.4468,44194.796968259,4.228823,0,127.4468
513539,3.128823,127.4468,44194.796980851,4.228823,0,127.4468
513556,3.130122,127.4468,44194.796993445,4.230122,0,127.4468
513573,3.128823,127.4468,44194.797006037,4.228823,0,127.4468
513590,3.128823,127.4468,44194.797018628,4.228823,0,127.4468
513607,3.130122,106.2057,44194.797031222,4.230122,0,106.2057
513624,3.128823,106.2057,44194.797043814,4.228823,0,106.2057
513641,3.130122,106.2057,44194.797056408,4.230122,0,106.2057
513658,3.128823,106.2057,44194.797069000,4.228823,0,106.2057
513675,3.128823,106.2057,44194.797081591,4.228823,0,106.2057
513692,3.128823,106.2057,44194.797094185,4.228823,0,106.2057
513709,3.128823,106.2057,44194.797106777,4.228823,0,106.2057
513726,3.128823,106.2057,44194.797119371,4.228823,0,106.2057
513743,3.128823,106.2057,44194.797131962,4.228823,0,106.2057
513760,3.128823,106.2057,44194.797144554,4.228823,0,106.2057
513777,3.128823,106.2057,44194.797157148,4.228823,0,106.2057
513794,3.128823,106.2057,44194.797169740,4.228823,0,106.2057
513811,3.128823,106.2057,44194.797182334,4.228823,0,106.2057
513828,3.12752,84.96454,44194.797194926,4.22752,0,84.96454
513845,3.128823,84.96454,44194.797207517,4.228823,0,84.96454
513862,3.12752,84.96454,44194.797220111,4.22752,0,84.96454
513879,3.12752,84.96454,44194.797232703,4.22752,0,84.96454
513896,3.12752,84.96454,44194.797245297,4.22752,0,84.96454
513913,3.126221,84.96454,44194.797257889,4.226221,0,84.96454
513930,3.12752,84.96454,44194.797270480,4.22752,0,84.96454
513947,3.126221,84.96454,44194.797283074,4.226221,0,84.96454
513964,3.12752,84.96454,44194.797295666,4.22752,0,84.96454
513981,3.126221,84.96454,44194.797308260,4.226221,0,84.96454
513998,3.126221,63.72342,44194.797320851,4.226221,0,63.72342
514015,3.093701,-63.72338,44194.797333443,4.193701,0,-63.72338
514032,3.092398,-63.72338,44194.797346037,4.192398,0,-63.72338
514049,3.093701,-63.72338,44194.797358629,4.193701,0,-63.72338
514066,3.091099,-63.72338,44194.797371221,4.191099,0,-63.72338
514083,3.092398,-63.72338,44194.797383814,4.192398,0,-63.72338
514100,3.091099,-63.72338,44194.797396406,4.191099,0,-63.72338
514117,3.091099,-63.72338,44194.797409000,4.191099,0,-63.72338
514134,3.092398,-63.72338,44194.797421592,4.192398,0,-63.72338
514151,3.089799,-63.72338,44194.797434185,4.189799,0,-63.72338
514168,3.092398,-63.72338,44194.797446777,4.192398,0,-63.72338
514185,3.091099,-63.72338,44194.797459369,4.191099,0,-63.72338
514202,3.092398,-63.72338,44194.797471963,4.192398,0,-63.72338
514219,3.091099,-63.72338,44194.797484555,4.191099,0,-63.72338
514236,3.091099,-63.72338,44194.797497147,4.191099,0,-63.72338
514253,3.091099,-63.72338,44194.797509740,4.191099,0,-63.72338
514270,3.091099,-63.72338,44194.797522332,4.191099,0,-63.72338
514287,3.091099,-63.72338,44194.797534926,4.191099,0,-63.72338
514304,3.091099,-63.72338,44194.797547518,4.191099,0,-63.72338
514321,3.091099,-63.72338,44194.797560110,4.191099,0,-63.72338
514338,3.089799,-63.72338,44194.797572703,4.189799,0,-63.72338
514355,3.091099,-63.72338,44194.797585295,4.191099,0,-63.72338
514372,3.092398,-63.72338,44194.797597889,4.192398,0,-63.72338
514389,3.091099,-63.72338,44194.797610481,4.191099,0,-63.72338
514406,3.091099,-63.72338,44194.797623073,4.191099,0,-63.72338
514423,3.091099,-63.72338,44194.797635666,4.191099,0,-63.72338
514440,3.092398,-63.72338,44194.797648258,4.192398,0,-63.72338
514457,3.091099,-63.72338,44194.797660852,4.191099,0,-63.72338
514474,3.091099,-63.72338,44194.797673444,4.191099,0,-63.72338
514491,3.092398,-42.48223,44194.797686036,4.192398,0,-42.48223
514508,3.091099,-63.72338,44194.797698629,4.191099,0,-63.72338
514525,3.091099,-63.72338,44194.797711221,4.191099,0,-63.72338
514542,3.091099,-63.72338,44194.797723815,4.191099,0,-63.72338
514559,3.091099,-63.72338,44194.797736407,4.191099,0,-63.72338
514576,3.092398,-63.72338,44194.797748999,4.192398,0,-63.72338
514593,3.091099,-63.72338,44194.797761592,4.191099,0,-63.72338
514610,3.092398,-63.72338,44194.797774184,4.192398,0,-63.72338
514627,3.091099,-63.72338,44194.797786778,4.191099,0,-63.72338
514644,3.091099,-63.72338,44194.797799370,4.191099,0,-63.72338
514661,3.091099,-63.72338,44194.797811961,4.191099,0,-63.72338
514678,3.091099,-63.72338,44194.797824555,4.191099,0,-63.72338
514695,3.091099,-63.72338,44194.797837147,4.191099,0,-63.72338
514712,3.091099,-63.72338,44194.797849741,4.191099,0,-63.72338
514729,3.091099,-63.72338,44194.797862333,4.191099,0,-63.72338
514746,3.091099,-63.72338,44194.797874924,4.191099,0,-63.72338
514763,3.089799,-63.72338,44194.797887518,4.189799,0,-63.72338
514780,3.091099,-63.72338,44194.797900110,4.191099,0,-63.72338
514797,3.091099,-63.72338,44194.797912704,4.191099,0,-63.72338
514814,3.092398,-63.72338,44194.797925296,4.192398,0,-63.72338
514831,3.091099,-63.72338,44194.797937887,4.191099,0,-63.72338
514848,3.091099,-63.72338,44194.797950481,4.191099,0,-63.72338
514865,3.089799,-63.72338,44194.797963073,4.189799,0,-63.72338
514882,3.091099,-63.72338,44194.797975667,4.191099,0,-63.72338
514899,3.091099,-63.72338,44194.797988259,4.191099,0,-63.72338
514916,3.089799,-63.72338,44194.798000850,4.189799,0,-63.72338
514933,3.091099,-63.72338,44194.798013444,4.191099,0,-63.72338
514950,3.089799,-63.72338,44194.798026036,4.189799,0,-63.72338
514967,3.091099,-63.72338,44194.798038630,4.191099,0,-63.72338
514984,3.091099,-63.72338,44194.798051222,4.191099,0,-63.72338
515001,3.091099,-63.72338,44194.798063813,4.191099,0,-63.72338
515018,3.091099,-63.72338,44194.798076407,4.191099,0,-63.72338
515035,3.091099,-63.72338,44194.798088999,4.191099,0,-63.72338
515052,3.091099,-63.72338,44194.798101593,4.191099,0,-63.72338
515069,3.089799,-63.72338,44194.798114185,4.189799,0,-63.72338
515086,3.091099,-63.72338,44194.798126776,4.191099,0,-63.72338
515103,3.091099,-63.72338,44194.798139370,4.191099,0,-63.72338
515120,3.091099,-63.72338,44194.798151962,4.191099,0,-63.72338
515137,3.091099,-63.72338,44194.798164556,4.191099,0,-63.72338
515154,3.089799,-63.72338,44194.798177147,4.189799,0,-63.72338
515171,3.091099,-63.72338,44194.798189739,4.191099,0,-63.72338
515188,3.089799,-63.72338,44194.798202333,4.189799,0,-63.72338
515205,3.091099,-63.72338,44194.798214925,4.191099,0,-63.72338
515222,3.091099,-63.72338,44194.798227519,4.191099,0,-63.72338
515239,3.089799,-63.72338,44194.798240110,4.189799,0,-63.72338
515256,3.092398,-63.72338,44194.798252702,4.192398,0,-63.72338
515273,3.091099,-63.72338,44194.798265296,4.191099,0,-63.72338
515290,3.091099,-63.72338,44194.798277888,4.191099,0,-63.72338
515307,3.091099,-63.72338,44194.798290482,4.191099,0,-63.72338
515324,3.091099,-63.72338,44194.798303073,4.191099,0,-63.72338
515341,3.091099,-63.72338,44194.798315665,4.191099,0,-63.72338
515358,3.089799,-63.72338,44194.798328259,4.189799,0,-63.72338
515375,3.091099,-63.72338,44194.798340851,4.191099,0,-63.72338
515392,3.091099,-63.72338,44194.798353445,4.191099,0,-63.72338
515409,3.091099,-63.72338,44194.798366036,4.191099,0,-63.72338
515426,3.091099,-63.72338,44194.798378628,4.191099,0,-63.72338
515443,3.089799,-63.72338,44194.798391222,4.189799,0,-63.72338
515460,3.091099,-63.72338,44194.798403814,4.191099,0,-63.72338
515477,3.091099,-63.72338,44194.798416408,4.191099,0,-63.72338
515494,3.091099,-63.72338,44194.798428999,4.191099,0,-63.72338
515511,3.089799,-63.72338,44194.798441591,4.189799,0,-63.72338
515528,3.091099,-63.72338,44194.798454185,4.191099,0,-63.72338
515545,3.091099,-63.72338,44194.798466777,4.191099,0,-63.72338
515562,3.089799,-63.72338,44194.798479371,4.189799,0,-63.72338
515579,3.092398,-63.72338,44194.798491962,4.192398,0,-63.72338
515596,3.091099,-63.72338,44194.798504554,4.191099,0,-63.72338
515613,3.091099,-63.72338,44194.798517148,4.191099,0,-63.72338
515630,3.089799,-63.72338,44194.798529740,4.189799,0,-63.72338
515647,3.091099,-84.96449,44194.798542333,4.191099,0,-84.96449
515664,3.091099,-63.72338,44194.798554925,4.191099,0,-63.72338
515681,3.089799,-63.72338,44194.798567517,4.189799,0,-63.72338
515698,3.091099,-63.72338,44194.798580111,4.191099,0,-63.72338
515715,3.091099,-63.72338,44194.798592703,4.191099,0,-63.72338
515732,3.091099,-63.72338,44194.798605296,4.191099,0,-63.72338
515749,3.089799,-63.72338,44194.798617888,4.189799,0,-63.72338
515766,3.089799,-63.72338,44194.798630480,4.189799,0,-63.72338
515783,3.091099,-63.72338,44194.798643074,4.191099,0,-63.72338
515800,3.089799,-63.72338,44194.798655666,4.189799,0,-63.72338
515817,3.091099,-63.72338,44194.798668259,4.191099,0,-63.72338
515834,3.089799,-63.72338,44194.798680851,4.189799,0,-63.72338
515851,3.091099,-63.72338,44194.798693443,4.191099,0,-63.72338
515868,3.091099,-63.72338,44194.798706037,4.191099,0,-63.72338
515885,3.089799,-84.96449,44194.798718629,4.189799,0,-84.96449
515902,3.089799,-84.96449,44194.798731222,4.189799,0,-84.96449
515919,3.089799,-84.96449,44194.798743814,4.189799,0,-84.96449
515936,3.091099,-84.96449,44194.798756406,4.191099,0,-84.96449
515953,3.089799,-63.72338,44194.798769000,4.189799,0,-63.72338
515970,3.089799,-84.96449,44194.798781592,4.189799,0,-84.96449
515987,3.089799,-84.96449,44194.798794185,4.189799,0,-84.96449
516004,3.089799,-84.96449,44194.798806777,4.189799,0,-84.96449
516021,3.091099,-84.96449,44194.798819369,4.191099,0,-84.96449
516038,3.089799,-84.96449,44194.798831963,4.189799,0,-84.96449
516055,3.091099,-84.96449,44194.798844555,4.191099,0,-84.96449
516072,3.089799,-84.96449,44194.798857148,4.189799,0,-84.96449
516089,3.089799,-84.96449,44194.798869740,4.189799,0,-84.96449
516106,3.091099,-84.96449,44194.798882332,4.191099,0,-84.96449
516123,3.089799,-63.72338,44194.798894926,4.189799,0,-63.72338
516140,3.091099,-84.96449,44194.798907518,4.191099,0,-84.96449
516157,3.089799,-63.72338,44194.798920111,4.189799,0,-63.72338
516174,3.091099,-84.96449,44194.798932703,4.191099,0,-84.96449
516191,3.089799,-63.72338,44194.798945295,4.189799,0,-63.72338
516208,3.089799,-63.72338,44194.798957889,4.189799,0,-63.72338
516225,3.091099,-84.96449,44194.798970481,4.191099,0,-84.96449
516242,3.089799,-63.72338,44194.798983074,4.189799,0,-63.72338
516259,3.091099,-84.96449,44194.798995666,4.191099,0,-84.96449
516276,3.089799,-84.96449,44194.799008258,4.189799,0,-84.96449
516293,3.089799,-84.96449,44194.799020852,4.189799,0,-84.96449
516310,3.091099,-84.96449,44194.799033444,4.191099,0,-84.96449
516327,3.089799,-84.96449,44194.799046037,4.189799,0,-84.96449
516344,3.091099,-84.96449,44194.799058629,4.191099,0,-84.96449
516361,3.089799,-84.96449,44194.799071221,4.189799,0,-84.96449
516378,3.091099,-84.96449,44194.799083815,4.191099,0,-84.96449
516395,3.089799,-84.96449,44194.799096407,4.189799,0,-84.96449
516412,3.091099,-84.96449,44194.799109000,4.191099,0,-84.96449
516429,3.091099,-84.96449,44194.799121592,4.191099,0,-84.96449
516446,3.089799,-63.72338,44194.799134184,4.189799,0,-63.72338
516463,3.091099,-84.96449,44194.799146778,4.191099,0,-84.96449
516480,3.089799,-63.72338,44194.799159370,4.189799,0,-63.72338
516497,3.091099,-84.96449,44194.799171963,4.191099,0,-84.96449
516514,3.089799,-84.96449,44194.799184555,4.189799,0,-84.96449
516531,3.089799,-84.96449,44194.799197147,4.189799,0,-84.96449
516548,3.091099,-84.96449,44194.799209741,4.191099,0,-84.96449
516565,3.089799,-84.96449,44194.799222332,4.189799,0,-84.96449
516582,3.091099,-84.96449,44194.799234926,4.191099,0,-84.96449
516599,3.089799,-84.96449,44194.799247518,4.189799,0,-84.96449
516616,3.091099,-63.72338,44194.799260110,4.191099,0,-63.72338
516633,3.089799,-84.96449,44194.799272704,4.189799,0,-84.96449
516650,3.089799,-84.96449,44194.799285295,4.189799,0,-84.96449
516667,3.091099,-84.96449,44194.799297889,4.191099,0,-84.96449
516684,3.089799,-84.96449,44194.799310481,4.189799,0,-84.96449
516701,3.089799,-84.96449,44194.799323073,4.189799,0,-84.96449
516718,3.089799,-84.96449,44194.799335667,4.189799,0,-84.96449
516735,3.089799,-84.96449,44194.799348258,4.189799,0,-84.96449
516752,3.091099,-84.96449,44194.799360852,4.191099,0,-84.96449
516769,3.089799,-63.72338,44194.799373444,4.189799,0,-63.72338
516786,3.091099,-84.96449,44194.799386036,4.191099,0,-84.96449
516803,3.089799,-84.96449,44194.799398629,4.189799,0,-84.96449
516820,3.091099,-84.96449,44194.799411221,4.191099,0,-84.96449
516837,3.089799,-84.96449,44194.799423815,4.189799,0,-84.96449
516854,3.091099,-84.96449,44194.799436407,4.191099,0,-84.96449
516871,3.089799,-63.72338,44194.799448999,4.189799,0,-63.72338
516888,3.089799,-84.96449,44194.799461593,4.189799,0,-84.96449
516905,3.091099,-84.96449,44194.799474184,4.191099,0,-84.96449
516922,3.089799,-84.96449,44194.799486776,4.189799,0,-84.96449
516939,3.089799,-84.96449,44194.799499370,4.189799,0,-84.96449
516956,3.089799,-84.96449,44194.799511962,4.189799,0,-84.96449
516973,3.089799,-84.96449,44194.799524556,4.189799,0,-84.96449
516990,3.091099,-84.96449,44194.799537147,4.191099,0,-84.96449
517007,3.089799,-84.96449,44194.799549739,4.189799,0,-84.96449
517024,3.091099,-84.96449,44194.799562333,4.191099,0,-84.96449
517041,3.089799,-84.96449,44194.799574925,4.189799,0,-84.96449
517058,3.091099,-84.96449,44194.799587518,4.191099,0,-84.96449
517075,3.089799,-84.96449,44194.799600110,4.189799,0,-84.96449
517092,3.089799,-106.2056,44194.799612702,4.189799,0,-106.2056
517109,3.091099,-106.2056,44194.799625296,4.191099,0,-106.2056
517126,3.089799,-106.2056,44194.799637888,4.189799,0,-106.2056
517143,3.091099,-106.2056,44194.799650481,4.191099,0,-106.2056
517160,3.089799,-106.2056,44194.799663073,4.189799,0,-106.2056
517177,3.089799,-106.2056,44194.799675665,4.189799,0,-106.2056
517194,3.089799,-106.2056,44194.799688259,4.189799,0,-106.2056
517211,3.089799,-106.2056,44194.799700851,4.189799,0,-106.2056
517228,3.091099,-106.2056,44194.799713444,4.191099,0,-106.2056
517245,3.089799,-106.2056,44194.799726036,4.189799,0,-106.2056
517262,3.091099,-106.2056,44194.799738628,4.191099,0,-106.2056
517279,3.089799,-106.2056,44194.799751222,4.189799,0,-106.2056
517296,3.089799,-106.2056,44194.799763814,4.189799,0,-106.2056
517313,3.091099,-106.2056,44194.799776407,4.191099,0,-106.2056
517330,3.089799,-106.2056,44194.799788999,4.189799,0,-106.2056
517347,3.091099,-106.2056,44194.799801593,4.191099,0,-106.2056
517364,3.089799,-106.2056,44194.799814185,4.189799,0,-106.2056
517381,3.091099,-106.2056,44194.799826777,4.191099,0,-106.2056
517398,3.089799,-106.2056,44194.799839370,4.189799,0,-106.2056
517415,3.089799,-106.2056,44194.799851962,4.189799,0,-106.2056
517432,3.091099,-106.2056,44194.799864554,4.191099,0,-106.2056
517449,3.089799,-106.2056,44194.799877148,4.189799,0,-106.2056
517466,3.091099,-106.2056,44194.799889740,4.191099,0,-106.2056
517483,3.089799,-106.2056,44194.799902333,4.189799,0,-106.2056
517500,3.091099,-106.2056,44194.799914925,4.191099,0,-106.2056
517517,3.091099,-106.2056,44194.799927517,4.191099,0,-106.2056
517534,3.089799,-106.2056,44194.799940111,4.189799,0,-106.2056
517551,3.091099,-106.2056,44194.799952703,4.191099,0,-106.2056
517568,3.089799,-106.2056,44194.799965296,4.189799,0,-106.2056
517585,3.091099,-84.96449,44194.799977888,4.191099,0,-84.96449
517602,3.089799,-106.2056,44194.799990480,4.189799,0,-106.2056
517619,3.089799,-106.2056,44194.800003074,4.189799,0,-106.2056
517636,3.091099,-106.2056,44194.800015666,4.191099,0,-106.2056
517653,3.089799,-106.2056,44194.800028259,4.189799,0,-106.2056
517670,3.091099,-106.2056,44194.800040851,4.191099,0,-106.2056
517687,3.089799,-106.2056,44194.800053443,4.189799,0,-106.2056
517704,3.089799,-106.2056,44194.800066037,4.189799,0,-106.2056
517721,3.089799,-106.2056,44194.800078629,4.189799,0,-106.2056
517738,3.091099,-106.2056,44194.800091222,4.191099,0,-106.2056
517755,3.091099,-106.2056,44194.800103814,4.191099,0,-106.2056
517772,3.089799,-106.2056,44194.800116406,4.189799,0,-106.2056
517789,3.091099,-106.2056,44194.800129000,4.191099,0,-106.2056
517806,3.089799,-106.2056,44194.800141592,4.189799,0,-106.2056
517823,3.091099,-106.2056,44194.800154185,4.191099,0,-106.2056
517840,3.091099,-106.2056,44194.800166777,4.191099,0,-106.2056
517857,3.089799,-106.2056,44194.800179369,4.189799,0,-106.2056
517874,3.091099,-106.2056,44194.800191963,4.191099,0,-106.2056
517891,3.089799,-106.2056,44194.800204555,4.189799,0,-106.2056
517908,3.091099,-84.96449,44194.800217148,4.191099,0,-84.96449
517925,3.089799,-106.2056,44194.800229740,4.189799,0,-106.2056
517942,3.089799,-106.2056,44194.800242332,4.189799,0,-106.2056
517959,3.091099,-106.2056,44194.800254926,4.191099,0,-106.2056
517976,3.089799,-127.4468,44194.800267517,4.189799,0,-127.4468
517993,3.091099,-127.4468,44194.800280111,4.191099,0,-127.4468
518010,3.089799,-127.4468,44194.800292703,4.189799,0,-127.4468
518027,3.091099,-127.4468,44194.800305295,4.191099,0,-127.4468
518044,3.089799,-106.2056,44194.800317889,4.189799,0,-106.2056
518061,3.089799,-106.2056,44194.800330480,4.189799,0,-106.2056
518078,3.089799,-127.4468,44194.800343074,4.189799,0,-127.4468
518095,3.089799,-127.4468,44194.800355666,4.189799,0,-127.4468
518112,3.091099,-127.4468,44194.800368258,4.191099,0,-127.4468
518129,3.089799,-106.2056,44194.800380852,4.189799,0,-106.2056
518146,3.089799,-106.2056,44194.800393443,4.189799,0,-106.2056
518163,3.089799,-127.4468,44194.800406037,4.189799,0,-127.4468
518180,3.089799,-106.2056,44194.800418629,4.189799,0,-106.2056
518197,3.091099,-127.4468,44194.800431221,4.191099,0,-127.4468
518214,3.089799,-127.4468,44194.800443815,4.189799,0,-127.4468
518231,3.091099,-127.4468,44194.800456406,4.191099,0,-127.4468
518248,3.089799,-106.2056,44194.800469000,4.189799,0,-106.2056
518265,3.091099,-127.4468,44194.800481592,4.191099,0,-127.4468
518282,3.091099,-106.2056,44194.800494184,4.191099,0,-106.2056
518299,3.089799,-106.2056,44194.800506778,4.189799,0,-106.2056
518316,3.089799,-127.4468,44194.800519369,4.189799,0,-127.4468
518333,3.089799,-106.2056,44194.800531963,4.189799,0,-106.2056
518350,3.091099,-106.2056,44194.800544555,4.191099,0,-106.2056
518367,3.089799,-106.2056,44194.800557147,4.189799,0,-106.2056
518384,3.089799,-106.2056,44194.800569740,4.189799,0,-106.2056
518401,3.091099,-106.2056,44194.800582332,4.191099,0,-106.2056
518418,3.089799,-127.4468,44194.800594926,4.189799,0,-127.4468
518435,3.091099,-106.2056,44194.800607518,4.191099,0,-106.2056
518452,3.091099,-106.2056,44194.800620110,4.191099,0,-106.2056
518469,3.091099,-127.4468,44194.800632703,4.191099,0,-127.4468
518486,3.091099,-106.2056,44194.800645295,4.191099,0,-106.2056
518503,3.089799,-106.2056,44194.800657889,4.189799,0,-106.2056
518520,3.091099,-127.4468,44194.800670481,4.191099,0,-127.4468
518537,3.089799,-127.4468,44194.800683073,4.189799,0,-127.4468
518554,3.091099,-106.2056,44194.800695666,4.191099,0,-106.2056
518571,3.089799,-127.4468,44194.800708258,4.189799,0,-127.4468
518588,3.089799,-127.4468,44194.800720852,4.189799,0,-127.4468
518605,3.089799,-127.4468,44194.800733444,4.189799,0,-127.4468
518622,3.089799,-127.4468,44194.800746036,4.189799,0,-127.4468
518639,3.091099,-127.4468,44194.800758629,4.191099,0,-127.4468
518656,3.089799,-106.2056,44194.800771221,4.189799,0,-106.2056
518673,3.091099,-127.4468,44194.800783815,4.191099,0,-127.4468
518690,3.089799,-106.2056,44194.800796407,4.189799,0,-106.2056
518707,3.089799,-127.4468,44194.800808999,4.189799,0,-127.4468
518724,3.091099,-127.4468,44194.800821592,4.191099,0,-127.4468
518741,3.089799,-127.4468,44194.800834184,4.189799,0,-127.4468
518758,3.091099,-106.2056,44194.800846778,4.191099,0,-106.2056
518775,3.089799,-84.96449,44194.800859370,4.189799,0,-84.96449
518792,3.091099,-127.4468,44194.800871962,4.191099,0,-127.4468
518809,3.089799,-127.4468,44194.800884555,4.189799,0,-127.4468
518826,3.089799,-127.4468,44194.800897147,4.189799,0,-127.4468
518843,3.091099,-106.2056,44194.800909741,4.191099,0,-106.2056
518860,3.089799,-127.4468,44194.800922333,4.189799,0,-127.4468
518877,3.091099,-127.4468,44194.800934925,4.191099,0,-127.4468
518894,3.089799,-127.4468,44194.800947518,4.189799,0,-127.4468
518911,3.089799,-127.4468,44194.800960110,4.189799,0,-127.4468
518928,3.091099,-127.4468,44194.800972704,4.191099,0,-127.4468
518945,3.091099,-106.2056,44194.800985296,4.191099,0,-106.2056
518962,3.091099,-127.4468,44194.800997888,4.191099,0,-127.4468
518979,3.089799,-106.2056,44194.801010481,4.189799,0,-106.2056
518996,3.091099,-127.4468,44194.801023073,4.191099,0,-127.4468
519013,3.089799,-106.2056,44194.801035667,4.189799,0,-106.2056
519030,3.091099,-127.4468,44194.801048259,4.191099,0,-127.4468
519047,3.089799,-106.2056,44194.801060850,4.189799,0,-106.2056
519064,3.091099,-106.2056,44194.801073444,4.191099,0,-106.2056
519081,3.091099,-127.4468,44194.801086036,4.191099,0,-127.4468
519098,3.089799,-127.4468,44194.801098630,4.189799,0,-127.4468
519115,3.089799,-127.4468,44194.801111222,4.189799,0,-127.4468
519132,3.089799,-106.2056,44194.801123813,4.189799,0,-106.2056
519149,3.089799,-127.4468,44194.801136407,4.189799,0,-127.4468
519166,3.091099,-127.4468,44194.801148999,4.191099,0,-127.4468
519183,3.089799,-106.2056,44194.801161593,4.189799,0,-106.2056
519200,3.091099,-127.4468,44194.801174185,4.191099,0,-127.4468
519217,3.089799,-127.4468,44194.801186776,4.189799,0,-127.4468
519234,3.091099,-127.4468,44194.801199370,4.191099,0,-127.4468
519251,3.089799,-127.4468,44194.801211962,4.189799,0,-127.4468
519268,3.089799,-127.4468,44194.801224556,4.189799,0,-127.4468
519285,3.089799,-127.4468,44194.801237148,4.189799,0,-127.4468
519302,3.089799,-127.4468,44194.801249739,4.189799,0,-127.4468
519319,3.091099,-127.4468,44194.801262333,4.191099,0,-127.4468
519336,3.089799,-127.4468,44194.801274925,4.189799,0,-127.4468
519353,3.089799,-127.4468,44194.801287519,4.189799,0,-127.4468
519370,3.089799,-127.4468,44194.801300110,4.189799,0,-127.4468
519387,3.089799,-127.4468,44194.801312702,4.189799,0,-127.4468
519404,3.091099,-127.4468,44194.801325296,4.191099,0,-127.4468
519421,3.089799,-127.4468,44194.801337888,4.189799,0,-127.4468
519438,3.089799,-127.4468,44194.801350482,4.189799,0,-127.4468
519455,3.089799,-127.4468,44194.801363073,4.189799,0,-127.4468
519472,3.089799,-127.4468,44194.801375665,4.189799,0,-127.4468
519489,3.091099,-127.4468,44194.801388259,4.191099,0,-127.4468
519506,3.089799,-127.4468,44194.801400851,4.189799,0,-127.4468
519523,3.091099,-127.4468,44194.801413445,4.191099,0,-127.4468
519540,3.089799,-106.2056,44194.801426036,4.189799,0,-106.2056
519557,3.091099,-127.4468,44194.801438628,4.191099,0,-127.4468
519574,3.091099,-106.2056,44194.801451222,4.191099,0,-106.2056
519591,3.089799,-127.4468,44194.801463814,4.189799,0,-127.4468
519608,3.092398,-127.4468,44194.801476407,4.192398,0,-127.4468
519625,3.089799,-106.2056,44194.801488999,4.189799,0,-106.2056
519642,3.091099,-127.4468,44194.801501591,4.191099,0,-127.4468
519659,3.089799,-127.4468,44194.801514185,4.189799,0,-127.4468
519676,3.091099,-127.4468,44194.801526777,4.191099,0,-127.4468
519693,3.091099,-127.4468,44194.801539370,4.191099,0,-127.4468
519710,3.089799,-127.4468,44194.801551962,4.189799,0,-127.4468
519727,3.091099,-127.4468,44194.801564554,4.191099,0,-127.4468
519744,3.089799,-127.4468,44194.801577148,4.189799,0,-127.4468
519761,3.091099,-127.4468,44194.801589740,4.191099,0,-127.4468
519778,3.089799,-106.2056,44194.801602333,4.189799,0,-106.2056
519795,3.089799,-127.4468,44194.801614925,4.189799,0,-127.4468
519812,3.091099,-127.4468,44194.801627517,4.191099,0,-127.4468
519829,3.089799,-127.4468,44194.801640111,4.189799,0,-127.4468
519846,3.091099,-127.4468,44194.801652703,4.191099,0,-127.4468
519863,3.091099,-127.4468,44194.801665296,4.191099,0,-127.4468
519880,3.091099,-106.2056,44194.801677888,4.191099,0,-106.2056
519897,3.089799,-106.2056,44194.801690480,4.189799,0,-106.2056
519914,3.091099,-127.4468,44194.801703074,4.191099,0,-127.4468
519931,3.091099,-106.2056,44194.801715666,4.191099,0,-106.2056
519948,3.089799,-127.4468,44194.801728259,4.189799,0,-127.4468
519965,3.091099,-127.4468,44194.801740851,4.191099,0,-127.4468
519982,3.089799,-127.4468,44194.801753443,4.189799,0,-127.4468
519999,3.091099,-127.4468,44194.801766037,4.191099,0,-127.4468
520016,3.089799,-106.2056,44194.801778629,4.189799,0,-106.2056
520033,3.089799,-127.4468,44194.801791222,4.189799,0,-127.4468
520050,3.091099,-127.4468,44194.801803814,4.191099,0,-127.4468
520067,3.089799,-127.4468,44194.801816406,4.189799,0,-127.4468
520084,3.091099,-127.4468,44194.801829000,4.191099,0,-127.4468
520101,3.091099,-127.4468,44194.801841592,4.191099,0,-127.4468
520118,3.091099,-127.4468,44194.801854185,4.191099,0,-127.4468
520135,3.091099,-127.4468,44194.801866777,4.191099,0,-127.4468
520152,3.089799,-127.4468,44194.801879369,4.189799,0,-127.4468
520169,3.091099,-127.4468,44194.801891963,4.191099,0,-127.4468
520186,3.091099,-127.4468,44194.801904554,4.191099,0,-127.4468
520203,3.091099,-127.4468,44194.801917148,4.191099,0,-127.4468
520220,3.091099,-127.4468,44194.801929740,4.191099,0,-127.4468
520237,3.089799,-127.4468,44194.801942332,4.189799,0,-127.4468
520254,3.089799,-106.2056,44194.801954926,4.189799,0,-106.2056
520271,3.089799,-127.4468,44194.801967517,4.189799,0,-127.4468
520288,3.091099,-127.4468,44194.801980111,4.191099,0,-127.4468
520305,3.089799,-106.2056,44194.801992703,4.189799,0,-106.2056
520322,3.091099,-127.4468,44194.802005295,4.191099,0,-127.4468
520339,3.089799,-127.4468,44194.802017889,4.189799,0,-127.4468
520356,3.089799,-106.2056,44194.802030480,4.189799,0,-106.2056
520373,3.091099,-127.4468,44194.802043074,4.191099,0,-127.4468
520390,3.089799,-127.4468,44194.802055666,4.189799,0,-127.4468
520407,3.091099,-127.4468,44194.802068258,4.191099,0,-127.4468
520424,3.089799,-127.4468,44194.802080851,4.189799,0,-127.4468
520441,3.091099,-127.4468,44194.802093443,4.191099,0,-127.4468
520458,3.091099,-127.4468,44194.802106037,4.191099,0,-127.4468
520475,3.091099,-127.4468,44194.802118629,4.191099,0,-127.4468
520492,3.091099,-106.2056,44194.802131223,4.191099,0,-106.2056
520509,3.089799,-127.4468,44194.802143814,4.189799,0,-127.4468
520526,3.091099,-127.4468,44194.802156406,4.191099,0,-127.4468
520543,3.089799,-127.4468,44194.802169000,4.189799,0,-127.4468
520560,3.091099,-127.4468,44194.802181592,4.191099,0,-127.4468
520577,3.091099,-127.4468,44194.802194184,4.191099,0,-127.4468
520594,3.089799,-106.2056,44194.802206777,4.189799,0,-106.2056
520611,3.091099,-127.4468,44194.802219369,4.191099,0,-127.4468
520628,3.089799,-127.4468,44194.802231963,4.189799,0,-127.4468
520645,3.091099,-106.2056,44194.802244555,4.191099,0,-106.2056
520662,3.089799,-127.4468,44194.802257148,4.189799,0,-127.4468
520679,3.091099,-127.4468,44194.802269740,4.191099,0,-127.4468
520696,3.091099,-127.4468,44194.802282332,4.191099,0,-127.4468
520713,3.089799,-127.4468,44194.802294926,4.189799,0,-127.4468
520730,3.091099,-106.2056,44194.802307518,4.191099,0,-106.2056
520747,3.091099,-127.4468,44194.802320111,4.191099,0,-127.4468
520764,3.091099,-127.4468,44194.802332703,4.191099,0,-127.4468
520781,3.089799,-127.4468,44194.802345295,4.189799,0,-127.4468
520798,3.089799,-106.2056,44194.802357889,4.189799,0,-106.2056
520815,3.091099,-106.2056,44194.802370481,4.191099,0,-106.2056
520832,3.091099,-106.2056,44194.802383074,4.191099,0,-106.2056
520849,3.091099,-127.4468,44194.802395666,4.191099,0,-127.4468
520866,3.091099,-127.4468,44194.802408258,4.191099,0,-127.4468
520883,3.091099,-106.2056,44194.802420852,4.191099,0,-106.2056
520900,3.091099,-127.4468,44194.802433444,4.191099,0,-127.4468
520917,3.089799,-106.2056,44194.802446037,4.189799,0,-106.2056
520934,3.091099,-106.2056,44194.802458629,4.191099,0,-106.2056
520951,3.091099,-106.2056,44194.802471221,4.191099,0,-106.2056
520968,3.091099,-106.2056,44194.802483815,4.191099,0,-106.2056
520985,3.089799,-106.2056,44194.802496407,4.189799,0,-106.2056
521002,3.091099,-106.2056,44194.802509000,4.191099,0,-106.2056
521019,3.091099,-106.2056,44194.802521592,4.191099,0,-106.2056
521036,3.089799,-106.2056,44194.802534184,4.189799,0,-106.2056
521053,3.091099,-106.2056,44194.802546778,4.191099,0,-106.2056
521070,3.089799,-106.2056,44194.802559369,4.189799,0,-106.2056
521087,3.091099,-106.2056,44194.802571963,4.191099,0,-106.2056
521104,3.091099,-106.2056,44194.802584555,4.191099,0,-106.2056
521121,3.091099,-106.2056,44194.802597147,4.191099,0,-106.2056
521138,3.091099,-106.2056,44194.802609741,4.191099,0,-106.2056
521155,3.089799,-127.4468,44194.802622332,4.189799,0,-127.4468
521172,3.091099,-127.4468,44194.802634926,4.191099,0,-127.4468
521189,3.091099,-127.4468,44194.802647518,4.191099,0,-127.4468
521206,3.091099,-106.2056,44194.802660110,4.191099,0,-106.2056
521223,3.091099,-127.4468,44194.802672703,4.191099,0,-127.4468
521240,3.091099,-106.2056,44194.802685295,4.191099,0,-106.2056
521257,3.091099,-127.4468,44194.802697889,4.191099,0,-127.4468
521274,3.089799,-127.4468,44194.802710481,4.189799,0,-127.4468
521291,3.091099,-127.4468,44194.802723073,4.191099,0,-127.4468
521308,3.091099,-127.4468,44194.802735667,4.191099,0,-127.4468
521325,3.091099,-127.4468,44194.802748258,4.191099,0,-127.4468
521342,3.091099,-127.4468,44194.802760852,4.191099,0,-127.4468
521359,3.091099,-127.4468,44194.802773444,4.191099,0,-127.4468
521376,3.091099,-127.4468,44194.802786036,4.191099,0,-127.4468
521393,3.089799,-127.4468,44194.802798629,4.189799,0,-127.4468
521410,3.091099,-127.4468,44194.802811221,4.191099,0,-127.4468
521427,3.089799,-127.4468,44194.802823815,4.189799,0,-127.4468
521444,3.089799,-127.4468,44194.802836407,4.189799,0,-127.4468
521461,3.091099,-127.4468,44194.802848999,4.191099,0,-127.4468
521478,3.091099,-127.4468,44194.802861592,4.191099,0,-127.4468
521495,3.091099,-127.4468,44194.802874184,4.191099,0,-127.4468
521512,3.089799,-127.4468,44194.802886778,4.189799,0,-127.4468
521529,3.091099,-127.4468,44194.802899370,4.191099,0,-127.4468
521546,3.089799,-127.4468,44194.802911962,4.189799,0,-127.4468
521563,3.091099,-127.4468,44194.802924555,4.191099,0,-127.4468
521580,3.091099,-127.4468,44194.802937147,4.191099,0,-127.4468
521597,3.089799,-127.4468,44194.802949741,4.189799,0,-127.4468
521614,3.091099,-127.4468,44194.802962333,4.191099,0,-127.4468
521631,3.091099,-127.4468,44194.802974925,4.191099,0,-127.4468
521648,3.091099,-127.4468,44194.802987518,4.191099,0,-127.4468
521665,3.091099,-127.4468,44194.803000110,4.191099,0,-127.4468
521682,3.089799,-127.4468,44194.803012704,4.189799,0,-127.4468
521699,3.091099,-127.4468,44194.803025296,4.191099,0,-127.4468
521716,3.091099,-127.4468,44194.803037887,4.191099,0,-127.4468
521733,3.091099,-127.4468,44194.803050481,4.191099,0,-127.4468
521750,3.091099,-127.4468,44194.803063073,4.191099,0,-127.4468
521767,3.091099,-127.4468,44194.803075667,4.191099,0,-127.4468
521784,3.091099,-127.4468,44194.803088259,4.191099,0,-127.4468
521801,3.091099,-127.4468,44194.803100850,4.191099,0,-127.4468
521818,3.091099,-127.4468,44194.803113444,4.191099,0,-127.4468
521835,3.091099,-127.4468,44194.803126036,4.191099,0,-127.4468
521852,3.091099,-127.4468,44194.803138630,4.191099,0,-127.4468
521869,3.091099,-127.4468,44194.803151221,4.191099,0,-127.4468
521886,3.091099,-127.4468,44194.803163813,4.191099,0,-127.4468
521903,3.091099,-127.4468,44194.803176407,4.191099,0,-127.4468
521920,3.091099,-106.2056,44194.803188999,4.191099,0,-106.2056
521937,3.091099,-106.2056,44194.803201593,4.191099,0,-106.2056
521954,3.089799,-106.2056,44194.803214184,4.189799,0,-106.2056
521971,3.089799,-106.2056,44194.803226778,4.189799,0,-106.2056
521988,3.089799,-106.2056,44194.803239370,4.189799,0,-106.2056
522005,3.091099,-106.2056,44194.803251962,4.191099,0,-106.2056
522022,3.092398,-106.2056,44194.803264555,4.192398,0,-106.2056
522039,3.091099,-106.2056,44194.803277147,4.191099,0,-106.2056
522056,3.092398,-106.2056,44194.803289741,4.192398,0,-106.2056
522073,3.091099,-106.2056,44194.803302333,4.191099,0,-106.2056
522090,3.091099,-106.2056,44194.803314925,4.191099,0,-106.2056
522107,3.091099,-106.2056,44194.803327518,4.191099,0,-106.2056
522124,3.089799,-106.2056,44194.803340110,4.189799,0,-106.2056
522141,3.091099,-106.2056,44194.803352704,4.191099,0,-106.2056
522158,3.089799,-106.2056,44194.803365296,4.189799,0,-106.2056
522175,3.091099,-106.2056,44194.803377888,4.191099,0,-106.2056
522192,3.089799,-106.2056,44194.803390481,4.189799,0,-106.2056
522209,3.091099,-106.2056,44194.803403073,4.191099,0,-106.2056
522226,3.091099,-106.2056,44194.803415667,4.191099,0,-106.2056
522243,3.091099,-106.2056,44194.803428259,4.191099,0,-106.2056
522260,3.091099,-106.2056,44194.803440851,4.191099,0,-106.2056
522277,3.089799,-106.2056,44194.803453444,4.189799,0,-106.2056
522294,3.091099,-106.2056,44194.803466036,4.191099,0,-106.2056
522311,3.091099,-106.2056,44194.803478630,4.191099,0,-106.2056
522328,3.091099,-106.2056,44194.803491222,4.191099,0,-106.2056
522345,3.091099,-106.2056,44194.803503813,4.191099,0,-106.2056
522362,3.089799,-106.2056,44194.803516407,4.189799,0,-106.2056
522379,3.091099,-106.2056,44194.803528999,4.191099,0,-106.2056
522396,3.091099,-106.2056,44194.803541593,4.191099,0,-106.2056
522413,3.091099,-106.2056,44194.803554185,4.191099,0,-106.2056
522430,3.091099,-106.2056,44194.803566776,4.191099,0,-106.2056
522447,3.089799,-106.2056,44194.803579370,4.189799,0,-106.2056
522464,3.091099,-106.2056,44194.803591962,4.191099,0,-106.2056
522481,3.089799,-106.2056,44194.803604556,4.189799,0,-106.2056
522498,3.091099,-106.2056,44194.803617147,4.191099,0,-106.2056
522515,3.091099,-106.2056,44194.803629739,4.191099,0,-106.2056
522532,3.091099,-106.2056,44194.803642333,4.191099,0,-106.2056
522549,3.091099,-106.2056,44194.803654925,4.191099,0,-106.2056
522566,3.091099,-106.2056,44194.803667519,4.191099,17,-106.2056
522583,3.092398,-106.2056,44194.803680110,4.192398,17,-106.2056
522600,3.092398,-106.2056,44194.803692702,4.192398,17,-106.2056
522617,3.092398,-106.2056,44194.803705296,4.192398,17,-106.2056
522634,3.091099,-106.2056,44194.803717888,4.191099,17,-106.2056
522651,3.091099,-106.2056,44194.803730481,4.191099,17,-106.2056
522668,3.092398,-106.2056,44194.803743073,4.192398,17,-106.2056
522685,3.092398,-106.2056,44194.803755667,4.192398,17,-106.2056
522702,3.092398,-106.2056,44194.803768259,4.192398,17,-106.2056
522719,3.091099,-106.2056,44194.803780851,4.191099,17,-106.2056
522736,3.091099,-106.2056,44194.803793444,4.191099,17,-106.2056
522753,3.092398,-106.2056,44194.803806036,4.192398,17,-106.2056
522770,3.092398,-106.2056,44194.803818630,4.192398,17,-106.2056
522787,3.092398,-106.2056,44194.803831222,4.192398,17,-106.2056
522804,3.092398,-106.2056,44194.803843814,4.192398,17,-106.2056
522821,3.092398,-106.2056,44194.803856407,4.192398,17,-106.2056
522838,3.092398,-106.2056,44194.803868999,4.192398,17,-106.2056
522855,3.092398,-106.2056,44194.803881593,4.192398,17,-106.2056
522872,3.092398,-106.2056,44194.803894185,4.192398,17,-106.2056
522889,3.091099,-106.2056,44194.803906777,4.191099,17,-106.2056
522906,3.092398,-106.2056,44194.803919370,4.192398,17,-106.2056
522923,3.091099,-106.2056,44194.803931962,4.191099,17,-106.2056
522940,3.092398,-106.2056,44194.803944556,4.192398,17,-106.2056
522957,3.092398,-106.2056,44194.803957148,4.192398,17,-106.2056
522974,3.092398,-106.2056,44194.803969739,4.192398,17,-106.2056
522991,3.092398,-84.96449,44194.803982333,4.192398,17,-84.96449
