Row,CMPP,RPPV,TIME_1900,RCPP,SOLSTATE,EMA,BIT_STUCK_DETECT
503016,3.11,4248,44194.789186036,4.21061,17,4248,Start
503033,3.11,4248,44194.789198630,4.209311,17,4248,EmaRising(0.0)
503050,3.11,4248,44194.789211222,4.21061,17,4248,EmaRising(1.088)
503067,3.11,4243,44194.789223813,4.209311,17,4247,EmaDropping(0.0)
503084,3.11,4213,44194.789236407,4.209311,17,4244,EmaDropping(1.088)
503101,3.11,4190,44194.789248999,4.21061,17,4238,EmaDropping(2.176)
503118,3.11,4184,44194.789261593,4.209311,17,4233,EmaDropping(3.264)
503135,3.11,4184,44194.789274184,4.21061,17,4228,EmaDropping(4.352)
503152,3.11,4184,44194.789286776,4.21061,17,4223,EmaDropping(5.44)
503169,3.11,4184,44194.789299370,4.21061,17,4219,EmaDropping(6.528)
503186,3.11,4184,44194.789311962,4.209311,17,4216,EmaDropping(7.616)
503203,3.11,4184,44194.789324556,4.209311,17,4213,EmaDropping(8.704)
503220,3.11,4184,44194.789337148,4.209311,17,4210,EmaDropping(9.792)
503237,3.11,4184,44194.789349739,4.209311,17,4207,EmaDropping(10.88)
503254,3.11,4184,44194.789362333,4.21061,17,4205,EmaDropping(11.968)
503271,3.11,4184,44194.789374925,4.209311,17,4203,EmaDropping(13.056)
503288,3.11,4184,44194.789387519,4.21061,17,4201,EmaDropping(14.144)
503305,3.11,4184,44194.789400111,4.21061,17,4199,EmaDropping(15.232)
503322,3.11,4184,44194.789412702,4.21061,17,4197,EmaDropping(16.32)
503339,3.11,4184,44194.789425296,4.209311,17,4196,EmaDropping(17.408)
503356,3.11,4184,44194.789437888,4.209311,17,4195,EmaDropping(18.496)
503373,3.11,4184,44194.789450482,4.21061,17,4194,EmaDropping(19.584)
503390,3.11,4184,44194.789463073,4.209311,17,4193,EmaDropping(20.672)
503407,3.11,4184,44194.789475665,4.209311,17,4192,EmaDropping(21.76)
503424,3.11,3874,44194.789488259,4.211909,0,4160,EmaDropping(22.848)
503441,3.11,2613,44194.789500851,4.21061,0,4005,EmaDropping(23.936)
503458,3.11,2607,44194.789513445,4.211909,0,3865,EmaDropping(25.024)
503475,3.11,2591,44194.789526036,4.21061,0,3738,EmaDropping(26.112)
503492,3.11,2572,44194.789538628,4.211909,0,3621,EmaDropping(27.2)
503509,3.11,2555,44194.789551222,4.21061,0,3515,EmaDropping(28.288)
503526,3.11,2535,44194.789563814,4.211909,0,3417,EmaDropping(29.376)
503543,3.11,2517,44194.789576408,4.211909,0,3327,EmaDropping(30.464)
503560,3.11,2500,44194.789588999,4.211909,0,3244,EmaDropping(31.552)
503577,3.11,2482,44194.789601591,4.211909,0,3168,EmaDropping(32.64)
503594,3.11,2463,44194.789614185,4.21061,0,3097,EmaDropping(33.728)
503611,3.11,2445,44194.789626777,4.211909,0,3032,EmaDropping(34.816)
503628,3.11,2428,44194.789639371,4.21061,0,2971,EmaDropping(35.904)
503645,3.11,2412,44194.789651962,4.211909,0,2915,EmaDropping(36.992)
503662,3.11,2397,44194.789664554,4.211909,0,2864,EmaDropping(38.08)
503679,3.11,2379,44194.789677148,4.21061,0,2815,EmaDropping(39.168)
503696,3.11,2361,44194.789689740,4.211909,0,2770,EmaDropping(40.256)
503713,3.11,2347,44194.789702334,4.211909,0,2727,EmaDropping(41.344)
503730,3.11,2331,44194.789714925,4.211909,0,2688,EmaDropping(42.432)
503747,3.11,2315,44194.789727517,4.211909,0,2650,EmaDropping(43.52)
503764,3.11,2296,44194.789740111,4.211909,0,2615,EmaDropping(44.608)
503781,3.11,2284,44194.789752703,4.213212,0,2582,EmaDropping(45.696)
503798,3.11,2270,44194.789765296,4.211909,0,2550,EmaDropping(46.784)
503815,3.11,2251,44194.789777888,4.213212,0,2520,EmaDropping(47.872)
503832,3.11,2236,44194.789790480,4.211909,0,2492,EmaDropping(48.96)
503849,3.11,2224,44194.789803074,4.213212,0,2465,EmaDropping(50.048)
503866,3.11,2209,44194.789815666,4.214512,0,2439,EmaDropping(51.136)
503883,3.11,2190,44194.789828259,4.213212,0,2414,EmaDropping(52.224)
503900,3.11,2179,44194.789840851,4.214512,0,2391,EmaDropping(53.312)
503917,3.11,2166,44194.789853443,4.213212,0,2368,EmaDropping(54.4)
503934,3.11,2146,44194.789866037,4.214512,0,2346,EmaDropping(55.488)
503951,3.11,2135,44194.789878629,4.213212,0,2325,EmaDropping(56.576)
503968,3.11,2124,44194.789891222,4.213212,0,2305,EmaDropping(57.664)
503985,3.11,2105,44194.789903814,4.214512,0,2285,EmaDropping(58.752)
504002,3.11,2094,44194.789916406,4.213212,0,2266,EmaDropping(59.84)
504019,3.11,2081,44194.789929000,4.214512,0,2247,BitStuck
504036,3.11,2064,44194.789941592,4.213212,0,2229,BitStuck
504053,3.11,2055,44194.789954185,4.214512,0,2211,BitStuck
504070,3.11,2039,44194.789966777,4.213212,0,2194,BitStuck
504087,3.11,2026,44194.789979369,4.213212,0,2177,BitStuck
504104,3.11,2017,44194.789991963,4.213212,0,2161,BitStuck
504121,3.11,1997,44194.790004555,4.213212,0,2145,BitStuck
504138,3.11,1990,44194.790017148,4.214512,0,2129,BitStuck
504155,3.11,1975,44194.790029740,4.213212,0,2114,BitStuck
504172,3.11,1961,44194.790042332,4.214512,0,2098,BitStuck
504189,3.11,1954,44194.790054926,4.214512,0,2084,BitStuck
504206,3.11,1936,44194.790067518,4.214512,0,2069,BitStuck
504223,3.11,1931,44194.790080111,4.214512,0,2055,BitStuck
504240,3.11,1911,44194.790092703,4.213212,0,2041,BitStuck
504257,3.11,1904,44194.790105295,4.214512,0,2027,BitStuck
504274,3.11,1890,44194.790117889,4.214512,0,2013,BitStuck
504291,3.11,1879,44194.790130481,4.214512,0,2000,BitStuck
504308,3.11,1869,44194.790143074,4.214512,0,1987,BitStuck
504325,3.11,1854,44194.790155666,4.214512,0,1973,BitStuck
504342,3.11,1847,44194.790168258,4.214512,0,1961,BitStuck
504359,3.11,1830,44194.790180852,4.214512,0,1948,BitStuck
504376,3.11,1826,44194.790193444,4.214512,0,1935,BitStuck
504393,3.11,1806,44194.790206037,4.214512,0,1922,BitStuck
504410,3.11,1804,44194.790218629,4.214512,0,1910,BitStuck
504427,3.12,1784,44194.790231221,4.215815,0,1898,BitStuck
504444,3.11,1781,44194.790243815,4.214512,0,1886,BitStuck
504461,3.12,1763,44194.790256407,4.215815,0,1874,BitStuck
504478,3.11,1761,44194.790269000,4.214512,0,1862,BitStuck
504495,3.11,1741,44194.790281592,4.214512,0,1850,BitStuck
504512,3.12,1739,44194.790294184,4.215815,0,1839,BitStuck
504529,3.12,1720,44194.790306778,4.215815,0,1827,BitStuck
504546,3.12,1719,44194.790319370,4.217114,0,1816,BitStuck
504563,3.12,1699,44194.790331963,4.215815,0,1804,BitStuck
504580,3.12,1699,44194.790344555,4.217114,0,1794,BitStuck
504597,3.12,1678,44194.790357147,4.217114,0,1782,BitStuck
504614,3.12,1678,44194.790369741,4.217114,0,1772,BitStuck
504631,3.12,1660,44194.790382332,4.217114,0,1761,BitStuck
504648,3.12,1656,44194.790394926,4.215815,0,1750,BitStuck
504665,3.12,1644,44194.790407518,4.217114,0,1739,BitStuck
504682,3.12,1635,44194.790420110,4.217114,0,1729,BitStuck
504699,3.12,1628,44194.790432704,4.217114,0,1719,BitStuck
504716,3.12,1614,44194.790445295,4.217114,0,1708,BitStuck
504733,3.12,1609,44194.790457889,4.217114,0,1698,BitStuck
504750,3.12,1593,44194.790470481,4.217114,0,1688,BitStuck
504767,3.12,1593,44194.790483073,4.217114,0,1678,BitStuck
504784,3.12,1574,44194.790495667,4.217114,0,1668,BitStuck
504801,3.12,1571,44194.790508258,4.217114,0,1658,BitStuck
504818,3.12,1558,44194.790520852,4.218417,0,1648,BitStuck
504835,3.12,1550,44194.790533444,4.217114,0,1638,BitStuck
504852,3.12,1545,44194.790546036,4.217114,0,1629,BitStuck
504869,3.12,1529,44194.790558630,4.217114,0,1619,BitStuck
504886,3.12,1529,44194.790571221,4.218417,0,1610,BitStuck
504903,3.12,1510,44194.790583815,4.218417,0,1600,BitStuck
504920,3.12,1508,44194.790596407,4.217114,0,1590,BitStuck
504937,3.12,1499,44194.790608999,4.217114,0,1581,BitStuck
504954,3.12,1486,44194.790621592,4.217114,0,1572,BitStuck
504971,3.12,1486,44194.790634184,4.217114,0,1563,BitStuck
504988,3.12,1466,44194.790646778,4.218417,0,1553,BitStuck
505005,3.12,1465,44194.790659370,4.217114,0,1544,BitStuck
505022,3.12,1459,44194.790671962,4.218417,0,1536,BitStuck
505039,3.12,1444,44194.790684555,4.217114,0,1527,BitStuck
505056,3.12,1444,44194.790697147,4.218417,0,1518,BitStuck
505073,3.12,1428,44194.790709741,4.218417,0,1509,BitStuck
505090,3.12,1423,44194.790722333,4.217114,0,1501,BitStuck
505107,3.12,1421,44194.790734925,4.218417,0,1493,BitStuck
505124,3.12,1401,44194.790747518,4.217114,0,1483,BitStuck
505141,3.12,1401,44194.790760110,4.218417,0,1475,BitStuck
505158,3.12,1393,44194.790772704,4.217114,0,1467,BitStuck
505175,3.12,1380,44194.790785296,4.217114,0,1458,BitStuck
505192,3.12,1380,44194.790797888,4.218417,0,1450,BitStuck
505209,3.12,1368,44194.790810481,4.217114,0,1442,BitStuck
505226,3.12,1359,44194.790823073,4.218417,0,1434,BitStuck
505243,3.12,1359,44194.790835667,4.218417,0,1426,BitStuck
505260,3.12,1343,44194.790848259,4.218417,0,1418,BitStuck
505277,3.12,1338,44194.790860851,4.218417,0,1410,BitStuck
505294,3.12,1338,44194.790873444,4.218417,0,1402,BitStuck
505311,3.12,1319,44194.790886036,4.218417,0,1394,BitStuck
505328,3.12,1316,44194.790898628,4.218417,0,1386,BitStuck
505345,3.12,1316,44194.790911222,4.218417,0,1379,BitStuck
505362,3.12,1298,44194.790923814,4.219717,0,1371,BitStuck
505379,3.12,1295,44194.790936407,4.218417,0,1363,BitStuck
505396,3.12,1295,44194.790948999,4.219717,0,1356,BitStuck
505413,3.12,1275,44194.790961591,4.219717,0,1348,BitStuck
505430,3.12,1274,44194.790974185,4.221015,0,1341,BitStuck
505447,3.12,1274,44194.790986777,4.219717,0,1334,BitStuck
505464,3.12,1256,44194.790999370,4.221015,0,1326,BitStuck
505481,3.12,1253,44194.791011962,4.219717,0,1319,BitStuck
505498,3.12,1253,44194.791024554,4.219717,0,1312,BitStuck
505515,3.12,1240,44194.791037148,4.221015,0,1305,BitStuck
505532,3.12,1231,44194.791049740,4.219717,0,1297,BitStuck
505549,3.12,1231,44194.791062333,4.221015,0,1291,BitStuck
505566,3.12,1228,44194.791074925,4.221015,0,1284,BitStuck
505583,3.12,1210,44194.791087519,4.221015,0,1277,BitStuck
505600,3.12,1210,44194.791100111,4.221015,0,1270,BitStuck
505617,3.12,1210,44194.791112703,4.221015,0,1264,BitStuck
505634,3.12,1193,44194.791125296,4.221015,0,1257,BitStuck
505651,3.12,1189,44194.791137888,4.221015,0,1250,BitStuck
505668,3.12,1189,44194.791150480,4.222319,0,1244,BitStuck
505685,3.12,1178,44194.791163074,4.221015,0,1237,BitStuck
505702,3.12,1168,44194.791175666,4.221015,0,1230,BitStuck
505719,3.12,1168,44194.791188259,4.221015,0,1224,BitStuck
505736,3.12,1165,44194.791200851,4.219717,0,1218,BitStuck
505753,3.12,1147,44194.791213443,4.221015,0,1211,BitStuck
505770,3.12,1147,44194.791226037,4.221015,0,1204,BitStuck
505787,3.12,1147,44194.791238629,4.221015,0,1199,BitStuck
505804,3.12,1135,44194.791251222,4.221015,0,1192,BitStuck
505821,3.12,1125,44194.791263814,4.222319,0,1185,BitStuck
505838,3.12,1125,44194.791276406,4.221015,0,1179,BitStuck
505855,3.12,1125,44194.791289000,4.221015,0,1174,BitStuck
505872,3.12,1105,44194.791301592,4.222319,0,1167,BitStuck
505889,3.12,1104,44194.791314185,4.221015,0,1161,BitStuck
505906,3.12,1104,44194.791326777,4.221015,0,1155,BitStuck
505923,3.12,1097,44194.791339369,4.221015,0,1149,BitStuck
505940,3.12,1083,44194.791351963,4.221015,0,1142,BitStuck
505957,3.12,1083,44194.791364554,4.222319,0,1136,BitStuck
505974,3.12,1083,44194.791377148,4.221015,0,1131,BitStuck
505991,3.12,1073,44194.791389740,4.222319,0,1125,BitStuck
506008,3.12,1062,44194.791402332,4.221015,0,1119,BitStuck
506025,3.12,1062,44194.791414926,4.221015,0,1113,BitStuck
506042,3.12,1062,44194.791427517,4.221015,0,1108,BitStuck
506059,3.12,1052,44194.791440111,4.221015,0,1102,BitStuck
506076,3.12,1040,44194.791452703,4.222319,0,1096,BitStuck
506093,3.12,1040,44194.791465295,4.221015,0,1090,BitStuck
506110,3.12,1040,44194.791477889,4.222319,0,1085,BitStuck
506127,3.12,1027,44194.791490480,4.221015,0,1079,BitStuck
506144,3.12,1019,44194.791503074,4.221015,0,1073,BitStuck
506161,3.12,1019,44194.791515666,4.221015,0,1068,BitStuck
506178,3.12,1019,44194.791528258,4.221015,0,1063,BitStuck
506195,3.12,1008,44194.791540852,4.221015,0,1057,BitStuck
506212,3.12,998,44194.791553443,4.221015,0,1051,BitStuck
506229,3.12,998,44194.791566037,4.222319,0,1046,BitStuck
506246,3.12,998,44194.791578629,4.222319,0,1041,BitStuck
506263,3.12,992,44194.791591221,4.221015,0,1036,BitStuck
506280,3.12,977,44194.791603815,4.221015,0,1030,BitStuck
506297,3.12,977,44194.791616406,4.221015,0,1025,BitStuck
506314,3.12,977,44194.791629000,4.221015,0,1020,BitStuck
506331,3.12,975,44194.791641592,4.221015,0,1015,BitStuck
506348,3.12,955,44194.791654184,4.221015,0,1009,BitStuck
506365,3.12,955,44194.791666777,4.221015,0,1004,BitStuck
506382,3.12,955,44194.791679369,4.221015,0,999,BitStuck
506399,3.12,955,44194.791691963,4.222319,0,994,BitStuck
506416,3.12,945,44194.791704555,4.221015,0,989,BitStuck
506433,3.12,934,44194.791717147,4.222319,0,984,BitStuck
506450,3.12,934,44194.791729740,4.221015,0,979,BitStuck
506467,3.12,934,44194.791742332,4.222319,0,974,BitStuck
506484,3.12,933,44194.791754926,4.222319,0,970,BitStuck
506501,3.12,913,44194.791767518,4.221015,0,964,BitStuck
506518,3.12,913,44194.791780110,4.222319,0,959,BitStuck
506535,3.12,913,44194.791792703,4.222319,0,955,BitStuck
506552,3.12,913,44194.791805295,4.223618,0,950,BitStuck
506569,3.12,908,44194.791817889,4.222319,0,946,BitStuck
506586,3.12,892,44194.791830481,4.222319,0,941,BitStuck
506603,3.12,892,44194.791843073,4.223618,0,936,BitStuck
506620,3.12,892,44194.791855666,4.222319,0,931,BitStuck
506637,3.12,892,44194.791868258,4.223618,0,927,BitStuck
506654,3.12,883,44194.791880852,4.222319,0,923,BitStuck
506671,3.12,870,44194.791893444,4.223618,0,917,BitStuck
506688,3.12,870,44194.791906036,4.223618,0,913,BitStuck
506705,3.12,870,44194.791918629,4.223618,0,908,BitStuck
506722,3.12,870,44194.791931221,4.223618,0,904,BitStuck
506739,3.12,858,44194.791943815,4.222319,0,900,BitStuck
506756,3.12,849,44194.791956407,4.223618,0,895,BitStuck
506773,3.12,849,44194.791968999,4.222319,0,890,BitStuck
506790,3.12,849,44194.791981592,4.223618,0,886,BitStuck
506807,3.12,849,44194.791994184,4.223618,0,882,BitStuck
506824,3.12,838,44194.792006778,4.223618,0,878,BitStuck
506841,3.12,828,44194.792019370,4.223618,0,873,BitStuck
506858,3.12,828,44194.792031962,4.222319,0,868,BitStuck
506875,3.12,828,44194.792044555,4.223618,0,864,BitStuck
506892,3.12,828,44194.792057147,4.223618,0,860,BitStuck
506909,3.12,827,44194.792069741,4.223618,0,857,BitStuck
506926,3.12,807,44194.792082333,4.223618,0,852,BitStuck
506943,3.12,807,44194.792094925,4.223618,0,847,BitStuck
506960,3.12,807,44194.792107518,4.223618,0,843,BitStuck
506977,3.12,807,44194.792120110,4.223618,0,840,BitStuck
506994,3.12,807,44194.792132704,4.223618,0,836,BitStuck
507011,3.12,788,44194.792145296,4.223618,0,831,BitStuck
507028,3.12,785,44194.792157888,4.222319,0,827,BitStuck
507045,3.12,785,44194.792170481,4.223618,0,823,BitStuck
507062,3.12,785,44194.792183073,4.223618,0,819,BitStuck
507079,3.12,785,44194.792195667,4.223618,0,815,BitStuck
507096,3.12,778,44194.792208259,4.223618,0,812,BitStuck
507113,3.12,764,44194.792220851,4.223618,0,807,BitStuck
507130,3.12,764,44194.792233444,4.223618,0,802,BitStuck
507147,3.12,764,44194.792246036,4.223618,0,799,BitStuck
507164,3.12,764,44194.792258630,4.223618,0,795,BitStuck
507181,3.12,764,44194.792271222,4.223618,0,792,BitStuck
507198,3.12,748,44194.792283814,4.223618,0,787,BitStuck
507215,3.12,743,44194.792296407,4.223618,0,783,BitStuck
507232,3.12,743,44194.792308999,4.224921,0,779,BitStuck
507249,3.12,743,44194.792321593,4.223618,0,775,BitStuck
507266,3.12,743,44194.792334185,4.223618,0,772,BitStuck
507283,3.12,743,44194.792346776,4.223618,0,769,BitStuck
507300,3.12,724,44194.792359370,4.222319,0,764,BitStuck
507317,3.12,722,44194.792371962,4.223618,0,760,BitStuck
507334,3.12,722,44194.792384556,4.223618,0,756,BitStuck
507351,3.12,722,44194.792397148,4.223618,0,753,BitStuck
507368,3.12,722,44194.792409740,4.223618,0,750,BitStuck
507385,3.12,722,44194.792422333,4.222319,0,747,BitStuck
507402,3.12,707,44194.792434925,4.223618,0,743,BitStuck
507419,3.12,700,44194.792447519,4.223618,0,739,BitStuck
507436,3.12,700,44194.792460111,4.223618,0,735,BitStuck
507453,3.12,700,44194.792472702,4.223618,0,731,BitStuck
507470,3.12,700,44194.792485296,4.223618,0,728,BitStuck
507487,3.12,700,44194.792497888,4.223618,0,725,BitStuck
507504,3.12,695,44194.792510482,4.222319,0,722,BitStuck
507521,3.12,679,44194.792523073,4.224921,0,718,BitStuck
507538,3.12,679,44194.792535665,4.223618,0,714,BitStuck
507555,3.12,679,44194.792548259,4.224921,0,710,BitStuck
507572,3.12,679,44194.792560851,4.223618,0,707,BitStuck
507589,3.12,679,44194.792573445,4.223618,0,704,BitStuck
507606,3.12,679,44194.792586037,4.224921,0,702,BitStuck
507623,3.12,659,44194.792598628,4.223618,0,697,BitStuck
507640,3.12,658,44194.792611222,4.223618,0,693,BitStuck
507657,3.12,658,44194.792623814,4.223618,0,690,BitStuck
507674,3.12,658,44194.792636408,4.224921,0,687,BitStuck
507691,3.12,658,44194.792649000,4.224921,0,684,BitStuck
507708,3.12,658,44194.792661591,4.223618,0,681,BitStuck
507725,3.12,654,44194.792674185,4.224921,0,678,BitStuck
507742,3.12,637,44194.792686777,4.223618,0,674,BitStuck
507759,3.12,637,44194.792699371,4.224921,0,670,BitStuck
507776,3.12,637,44194.792711963,4.224921,0,667,BitStuck
507793,3.12,637,44194.792724554,4.223618,0,664,BitStuck
507810,3.12,637,44194.792737148,4.224921,0,661,BitStuck
507827,3.12,637,44194.792749740,4.223618,0,659,BitStuck
507844,3.12,633,44194.792762334,4.224921,0,656,BitStuck
507861,3.12,615,44194.792774925,4.223618,0,652,BitStuck
507878,3.12,615,44194.792787517,4.223618,0,648,BitStuck
507895,3.12,615,44194.792800111,4.224921,0,645,BitStuck
507912,3.12,615,44194.792812703,4.223618,0,642,BitStuck
507929,3.12,615,44194.792825297,4.224921,0,639,BitStuck
507946,3.12,613,44194.792837888,4.223618,0,636,BitStuck
507963,3.12,596,44194.792850480,4.224921,0,632,BitStuck
507980,3.12,594,44194.792863074,4.223618,0,628,BitStuck
507997,3.12,594,44194.792875666,4.223618,0,625,BitStuck
508014,3.12,594,44194.792888258,4.224921,0,622,BitStuck
508031,3.12,594,44194.792900851,4.223618,0,619,BitStuck
508048,3.12,578,44194.792913443,4.224921,0,615,BitStuck
508065,3.12,573,44194.792926037,4.223618,0,611,BitStuck
508082,3.12,573,44194.792938629,4.224921,0,607,BitStuck
508099,3.12,573,44194.792951222,4.223618,0,603,BitStuck
508116,3.12,573,44194.792963814,4.224921,0,600,BitStuck
508133,3.12,573,44194.792976406,4.224921,0,597,BitStuck
508150,3.12,553,44194.792989000,4.223618,0,593,BitStuck
508167,3.12,552,44194.793001592,4.224921,0,589,BitStuck
508184,3.12,552,44194.793014185,4.224921,0,585,BitStuck
508201,3.12,552,44194.793026777,4.224921,0,582,BitStuck
508218,3.12,552,44194.793039369,4.224921,0,579,BitStuck
508235,3.12,552,44194.793051963,4.223618,0,576,BitStuck
508252,3.12,534,44194.793064555,4.224921,0,572,BitStuck
508269,3.12,531,44194.793077147,4.223618,0,568,BitStuck
508286,3.12,531,44194.793089740,4.224921,0,564,BitStuck
508303,3.12,531,44194.793102332,4.224921,0,561,BitStuck
508320,3.12,531,44194.793114926,4.224921,0,558,BitStuck
508337,3.12,531,44194.793127518,4.224921,0,555,BitStuck
508354,3.12,527,44194.793140110,4.224921,0,552,BitStuck
508371,3.12,509,44194.793152703,4.224921,0,548,BitStuck
508388,3.12,509,44194.793165295,4.224921,0,544,BitStuck
508405,3.12,509,44194.793177889,4.224921,0,540,BitStuck
508422,3.12,509,44194.793190481,4.224921,0,537,BitStuck
508439,3.12,509,44194.793203073,4.224921,0,534,BitStuck
508456,3.12,509,44194.793215666,4.224921,0,532,BitStuck
508473,3.12,509,44194.793228258,4.223618,0,529,BitStuck
508490,3.12,492,44194.793240852,4.224921,0,526,BitStuck
508507,3.12,488,44194.793253444,4.224921,0,522,BitStuck
508524,3.12,488,44194.793266036,4.224921,0,518,BitStuck
508541,3.12,488,44194.793278629,4.224921,0,515,BitStuck
508558,3.12,488,44194.793291221,4.224921,0,512,BitStuck
508575,3.12,488,44194.793303815,4.224921,0,510,BitStuck
508592,3.12,488,44194.793316407,4.224921,0,508,BitStuck
508609,3.13,477,44194.793328999,4.226221,0,505,BitStuck
508626,3.13,467,44194.793341592,4.226221,0,501,BitStuck
508643,3.13,467,44194.793354184,4.22752,0,497,BitStuck
508660,3.13,467,44194.793366778,4.226221,0,494,BitStuck
508677,3.13,467,44194.793379370,4.226221,0,491,BitStuck
508694,3.13,467,44194.793391961,4.226221,0,489,BitStuck
508711,3.13,467,44194.793404555,4.226221,0,487,BitStuck
508728,3.13,467,44194.793417147,4.226221,0,485,BitStuck
508745,3.13,464,44194.793429741,4.226221,0,483,BitStuck
508762,3.12,446,44194.793442333,4.224921,0,479,BitStuck
508779,3.13,446,44194.793454925,4.226221,0,476,BitStuck
508796,3.13,446,44194.793467518,4.226221,0,473,BitStuck
508813,3.13,446,44194.793480110,4.22752,0,470,BitStuck
508830,3.13,446,44194.793492704,4.226221,0,467,BitStuck
508847,3.13,446,44194.793505296,4.226221,0,465,BitStuck
508864,3.13,446,44194.793517887,4.226221,0,463,BitStuck
508881,3.13,446,44194.793530481,4.22752,0,461,BitStuck
508898,3.13,439,44194.793543073,4.22752,0,459,BitStuck
508915,3.13,424,44194.793555667,4.226221,0,456,BitStuck
508932,3.13,424,44194.793568259,4.22752,0,452,BitStuck
508949,3.13,424,44194.793580850,4.226221,0,450,BitStuck
508966,3.13,424,44194.793593444,4.22752,0,447,BitStuck
508983,3.13,424,44194.793606036,4.226221,0,445,BitStuck
509000,3.13,424,44194.793618630,4.226221,0,442,BitStuck
509017,3.13,424,44194.793631222,4.22752,0,441,BitStuck
509034,3.13,424,44194.793643813,4.226221,0,439,BitStuck
509051,3.13,424,44194.793656407,4.22752,0,437,BitStuck
509068,3.13,406,44194.793668999,4.226221,0,434,BitStuck
509085,3.13,403,44194.793681593,4.22752,0,431,BitStuck
509102,3.13,403,44194.793694185,4.226221,0,428,BitStuck
509119,3.13,403,44194.793706776,4.226221,0,426,BitStuck
509136,3.13,403,44194.793719370,4.22752,0,423,BitStuck
509153,3.13,403,44194.793731962,4.226221,0,421,BitStuck
509170,3.13,403,44194.793744556,4.22752,0,419,BitStuck
509187,3.13,403,44194.793757147,4.226221,0,418,BitStuck
509204,3.13,403,44194.793769739,4.226221,0,416,BitStuck
509221,3.13,403,44194.793782333,4.226221,0,415,BitStuck
509238,3.13,391,44194.793794925,4.226221,0,412,BitStuck
509255,3.13,382,44194.793807519,4.22752,0,409,BitStuck
509272,3.13,382,44194.793820110,4.226221,0,406,BitStuck
509289,3.13,382,44194.793832702,4.22752,0,404,BitStuck
509306,3.13,382,44194.793845296,4.22752,0,402,BitStuck
509323,3.13,382,44194.793857888,4.22752,0,400,BitStuck
509340,3.13,382,44194.793870482,4.22752,0,398,BitStuck
509357,3.13,382,44194.793883073,4.226221,0,396,BitStuck
509374,3.13,382,44194.793895665,4.22752,0,395,BitStuck
509391,3.13,382,44194.793908259,4.226221,0,393,BitStuck
509408,3.13,382,44194.793920851,4.22752,0,392,BitStuck
509425,3.13,371,44194.793933445,4.22752,0,390,BitStuck
509442,3.13,361,44194.793946036,4.226221,0,387,BitStuck
509459,3.13,361,44194.793958628,4.22752,0,384,BitStuck
509476,3.13,361,44194.793971222,4.22752,0,382,BitStuck
509493,3.13,361,44194.793983814,4.22752,0,380,BitStuck
509510,3.13,361,44194.793996408,4.22752,0,378,BitStuck
509527,3.13,361,44194.794008999,4.22752,0,376,BitStuck
509544,3.13,361,44194.794021591,4.22752,0,375,BitStuck
509561,3.13,361,44194.794034185,4.226221,0,373,BitStuck
509578,3.13,361,44194.794046777,4.22752,0,372,BitStuck
509595,3.13,361,44194.794059370,4.22752,0,371,BitStuck
509612,3.13,361,44194.794071962,4.22752,0,370,BitStuck
509629,3.13,344,44194.794084554,4.22752,0,367,BitStuck
509646,3.13,339,44194.794097148,4.22752,0,364,BitStuck
509663,3.13,339,44194.794109740,4.22752,0,362,BitStuck
509680,3.13,339,44194.794122334,4.226221,0,359,BitStuck
509697,3.13,339,44194.794134925,4.22752,0,357,BitStuck
509714,3.13,339,44194.794147517,4.22752,0,355,BitStuck
509731,3.13,339,44194.794160111,4.22752,0,354,BitStuck
509748,3.13,339,44194.794172703,4.226221,0,352,BitStuck
509765,3.13,339,44194.794185296,4.22752,0,351,BitStuck
509782,3.13,339,44194.794197888,4.22752,0,350,BitStuck
509799,3.13,339,44194.794210480,4.22752,0,348,BitStuck
509816,3.13,339,44194.794223074,4.22752,0,347,BitStuck
509833,3.13,339,44194.794235666,4.22752,0,347,EmaRising(0.0)
509850,3.13,332,44194.794248259,4.22752,0,345,EmaDropping(0.0)
509867,3.13,318,44194.794260851,4.22752,0,342,EmaDropping(1.088)
509884,3.13,318,44194.794273443,4.226221,0,340,EmaDropping(2.176)
509901,3.13,318,44194.794286037,4.22752,0,338,EmaDropping(3.264)
509918,3.13,318,44194.794298629,4.226221,0,336,EmaDropping(4.352)
509935,3.13,318,44194.794311222,4.22752,0,334,EmaDropping(5.44)
509952,3.13,318,44194.794323814,4.226221,0,332,EmaDropping(6.528)
509969,3.13,318,44194.794336406,4.226221,0,331,EmaDropping(7.616)
509986,3.13,318,44194.794349000,4.22752,0,329,EmaDropping(8.704)
510003,3.13,318,44194.794361592,4.22752,0,328,EmaDropping(9.792)
510020,3.13,318,44194.794374185,4.22752,0,327,EmaDropping(10.88)
510037,3.13,318,44194.794386777,4.22752,0,326,EmaDropping(11.968)
510054,3.13,318,44194.794399369,4.22752,0,325,EmaDropping(13.056)
510071,3.13,318,44194.794411963,4.22752,0,325,EmaRising(0.0)
510088,3.13,304,44194.794424555,4.226221,0,322,EmaDropping(0.0)
510105,3.13,297,44194.794437148,4.22752,0,320,EmaDropping(1.088)
510122,3.13,297,44194.794449740,4.226221,0,317,EmaDropping(2.176)
510139,3.13,297,44194.794462332,4.22752,0,315,EmaDropping(3.264)
510156,3.13,297,44194.794474926,4.226221,0,313,EmaDropping(4.352)
510173,3.13,297,44194.794487518,4.22752,0,312,EmaDropping(5.44)
510190,3.13,297,44194.794500111,4.22752,0,310,EmaDropping(6.528)
510207,3.13,297,44194.794512703,4.226221,0,309,EmaDropping(7.616)
510224,3.13,297,44194.794525295,4.228823,0,308,EmaDropping(8.704)
510241,3.13,297,44194.794537889,4.226221,0,307,EmaDropping(9.792)
510258,3.13,297,44194.794550481,4.22752,0,306,EmaDropping(10.88)
510275,3.13,297,44194.794563074,4.226221,0,305,EmaDropping(11.968)
510292,3.13,297,44194.794575666,4.22752,0,304,EmaDropping(13.056)
510309,3.13,297,44194.794588258,4.22752,0,303,EmaDropping(14.144)
510326,3.13,297,44194.794600852,4.226221,0,302,EmaDropping(15.232)
510343,3.13,296,44194.794613444,4.22752,0,302,EmaRising(0.0)
510360,3.13,276,44194.794626037,4.226221,0,299,EmaDropping(0.0)
510377,3.13,276,44194.794638629,4.22752,0,297,EmaDropping(1.088)
510394,3.13,276,44194.794651221,4.22752,0,295,EmaDropping(2.176)
510411,3.13,276,44194.794663815,4.226221,0,293,EmaDropping(3.264)
510428,3.13,276,44194.794676407,4.22752,0,291,EmaDropping(4.352)
510445,3.13,276,44194.794689000,4.226221,0,289,EmaDropping(5.44)
510462,3.13,276,44194.794701592,4.22752,0,288,EmaDropping(6.528)
510479,3.13,276,44194.794714184,4.22752,0,287,EmaDropping(7.616)
510496,3.13,276,44194.794726778,4.22752,0,286,EmaDropping(8.704)
510513,3.13,276,44194.794739370,4.22752,0,285,EmaDropping(9.792)
510530,3.13,276,44194.794751963,4.22752,0,284,EmaDropping(10.88)
510547,3.13,276,44194.794764555,4.22752,0,283,EmaDropping(11.968)
510564,3.13,276,44194.794777147,4.226221,0,282,EmaDropping(13.056)
510581,3.13,276,44194.794789741,4.22752,0,282,EmaRising(0.0)
510598,3.13,276,44194.794802333,4.226221,0,281,EmaDropping(0.0)
510615,3.13,276,44194.794814926,4.22752,0,280,EmaDropping(1.088)
510632,3.13,274,44194.794827518,4.22752,0,280,EmaRising(0.0)
510649,3.13,257,44194.794840110,4.22752,0,277,EmaDropping(0.0)
510666,3.13,254,44194.794852704,4.228823,0,275,EmaDropping(1.088)
510683,3.13,254,44194.794865295,4.22752,0,273,EmaDropping(2.176)
510700,3.13,254,44194.794877887,4.22752,0,271,EmaDropping(3.264)
510717,3.13,254,44194.794890481,4.226221,0,269,EmaDropping(4.352)
510734,3.13,254,44194.794903073,4.22752,0,268,EmaDropping(5.44)
510751,3.13,254,44194.794915667,4.228823,0,266,EmaDropping(6.528)
510768,3.13,254,44194.794928258,4.22752,0,265,EmaDropping(7.616)
510785,3.13,254,44194.794940852,4.22752,0,264,EmaDropping(8.704)
510802,3.13,254,44194.794953444,4.22752,0,263,EmaDropping(9.792)
510819,3.13,254,44194.794966036,4.228823,0,262,EmaDropping(10.88)
510836,3.13,254,44194.794978630,4.22752,0,261,EmaDropping(11.968)
510853,3.13,254,44194.794991221,4.226221,0,260,EmaDropping(13.056)
510870,3.13,254,44194.795003813,4.22752,0,260,EmaRising(0.0)
510887,3.13,254,44194.795016407,4.226221,0,259,EmaDropping(0.0)
510904,3.13,254,44194.795028999,4.22752,0,258,EmaDropping(1.088)
510921,3.13,254,44194.795041593,4.22752,0,258,EmaRising(0.0)
510938,3.13,254,44194.795054184,4.22752,0,257,EmaDropping(0.0)
510955,3.13,254,44194.795066776,4.22752,0,257,EmaRising(0.0)
510972,3.13,237,44194.795079370,4.226221,0,255,EmaDropping(0.0)
510989,3.13,233,44194.795091962,4.22752,0,253,EmaDropping(1.088)
511006,3.13,233,44194.795104556,4.22752,0,251,EmaDropping(2.176)
511023,3.13,233,44194.795117147,4.22752,0,249,EmaDropping(3.264)
511040,3.13,233,44194.795129739,4.22752,0,247,EmaDropping(4.352)
511057,3.13,233,44194.795142333,4.22752,0,246,EmaDropping(5.44)
511074,3.13,233,44194.795154925,4.22752,0,244,EmaDropping(6.528)
511091,3.13,233,44194.795167518,4.22752,0,243,EmaDropping(7.616)
511108,3.13,233,44194.795180110,4.22752,0,242,EmaDropping(8.704)
511125,3.13,233,44194.795192702,4.22752,0,241,EmaDropping(9.792)
511142,3.13,233,44194.795205296,4.22752,0,240,EmaDropping(10.88)
511159,3.13,233,44194.795217888,4.226221,0,240,EmaRising(0.0)
511176,3.13,233,44194.795230482,4.22752,0,239,EmaDropping(0.0)
511193,3.13,233,44194.795243073,4.228823,0,238,EmaDropping(1.088)
511210,3.13,233,44194.795255665,4.22752,0,238,EmaRising(0.0)
511227,3.13,233,44194.795268259,4.228823,0,237,EmaDropping(0.0)
511244,3.13,233,44194.795280851,4.22752,0,237,EmaRising(0.0)
511261,3.13,233,44194.795293444,4.22752,0,236,EmaDropping(0.0)
511278,3.13,233,44194.795306036,4.22752,0,236,EmaRising(0.0)
511295,3.13,233,44194.795318628,4.22752,0,236,EmaRising(1.088)
511312,3.13,233,44194.795331222,4.22752,0,235,EmaDropping(0.0)
511329,3.13,226,44194.795343814,4.226221,0,234,EmaDropping(1.088)
511346,3.13,212,44194.795356407,4.22752,0,232,EmaDropping(2.176)
511363,3.13,212,44194.795368999,4.22752,0,230,EmaDropping(3.264)
511380,3.13,212,44194.795381591,4.22752,0,228,EmaDropping(4.352)
511397,3.13,212,44194.795394185,4.22752,0,226,EmaDropping(5.44)
511414,3.13,212,44194.795406777,4.22752,0,225,EmaDropping(6.528)
511431,3.13,212,44194.795419370,4.228823,0,224,EmaDropping(7.616)
511448,3.13,212,44194.795431962,4.22752,0,222,EmaDropping(8.704)
511465,3.13,212,44194.795444554,4.22752,0,221,EmaDropping(9.792)
511482,3.13,212,44194.795457148,4.22752,0,220,EmaDropping(10.88)
511499,3.13,212,44194.795469740,4.22752,0,219,EmaDropping(11.968)
511516,3.13,212,44194.795482333,4.22752,0,219,EmaRising(0.0)
511533,3.13,212,44194.795494925,4.226221,0,218,EmaDropping(0.0)
511550,3.13,212,44194.795507517,4.22752,0,217,EmaDropping(1.088)
511567,3.13,212,44194.795520111,4.22752,0,217,EmaRising(0.0)
511584,3.13,212,44194.795532703,4.22752,0,216,EmaDropping(0.0)
511601,3.13,212,44194.795545296,4.22752,0,216,EmaRising(0.0)
511618,3.13,212,44194.795557888,4.22752,0,215,EmaDropping(0.0)
511635,3.13,212,44194.795570480,4.228823,0,215,EmaRising(0.0)
511652,3.13,212,44194.795583074,4.22752,0,215,EmaRising(1.088)
511669,3.13,212,44194.795595666,4.228823,0,214,EmaDropping(0.0)
511686,3.13,212,44194.795608259,4.22752,0,214,EmaRising(0.0)
511703,3.13,212,44194.795620851,4.22752,0,214,EmaRising(1.088)
511720,3.13,211,44194.795633443,4.22752,0,213,EmaDropping(0.0)
511737,3.13,198,44194.795646037,4.22752,0,212,EmaDropping(1.088)
511754,3.13,191,44194.795658629,4.22752,0,210,EmaDropping(2.176)
511771,3.13,191,44194.795671222,4.22752,0,208,EmaDropping(3.264)
511788,3.13,191,44194.795683814,4.228823,0,206,EmaDropping(4.352)
511805,3.13,191,44194.795696406,4.22752,0,204,EmaDropping(5.44)
511822,3.13,191,44194.795709000,4.228823,0,203,EmaDropping(6.528)
511839,3.13,191,44194.795721592,4.22752,0,202,EmaDropping(7.616)
511856,3.13,191,44194.795734185,4.22752,0,201,EmaDropping(8.704)
511873,3.13,191,44194.795746777,4.22752,0,200,EmaDropping(9.792)
511890,3.13,191,44194.795759369,4.22752,0,199,EmaDropping(10.88)
511907,3.13,191,44194.795771963,4.22752,0,198,EmaDropping(11.968)
511924,3.13,191,44194.795784555,4.22752,0,197,EmaDropping(13.056)
511941,3.13,191,44194.795797148,4.22752,0,197,EmaRising(0.0)
511958,3.13,191,44194.795809740,4.228823,0,196,EmaDropping(0.0)
511975,3.13,191,44194.795822332,4.22752,0,195,EmaDropping(1.088)
511992,3.13,191,44194.795834926,4.228823,0,195,EmaRising(0.0)
512009,3.13,191,44194.795847518,4.22752,0,194,EmaDropping(0.0)
512026,3.13,191,44194.795860111,4.22752,0,194,EmaRising(0.0)
512043,3.13,191,44194.795872703,4.22752,0,194,EmaRising(1.088)
512060,3.13,191,44194.795885295,4.226221,0,193,EmaDropping(0.0)
512077,3.13,191,44194.795897889,4.22752,0,193,EmaRising(0.0)
512094,3.13,191,44194.795910481,4.22752,0,193,EmaRising(1.088)
512111,3.13,191,44194.795923074,4.228823,0,193,EmaRising(2.176)
512128,3.13,191,44194.795935666,4.22752,0,192,EmaDropping(0.0)
512145,3.13,191,44194.795948258,4.22752,0,192,EmaRising(0.0)
512162,3.13,191,44194.795960852,4.228823,0,192,EmaRising(1.088)
512179,3.13,188,44194.795973443,4.22752,0,192,EmaRising(2.176)
512196,3.13,188,44194.795986037,4.228823,0,191,EmaDropping(0.0)
512213,3.13,169,44194.795998629,4.22752,0,189,EmaDropping(1.088)
512230,3.13,169,44194.796011221,4.228823,0,187,EmaDropping(2.176)
512247,3.13,169,44194.796023815,4.22752,0,185,EmaDropping(3.264)
512264,3.13,169,44194.796036406,4.22752,0,183,EmaDropping(4.352)
512281,3.13,169,44194.796049000,4.228823,0,182,EmaDropping(5.44)
512298,3.13,169,44194.796061592,4.22752,0,181,EmaDropping(6.528)
512315,3.13,169,44194.796074184,4.228823,0,179,EmaDropping(7.616)
512332,3.13,169,44194.796086778,4.22752,0,178,EmaDropping(8.704)
512349,3.13,169,44194.796099369,4.22752,0,177,EmaDropping(9.792)
512366,3.13,169,44194.796111963,4.22752,0,176,EmaDropping(10.88)
512383,3.13,169,44194.796124555,4.22752,0,176,EmaRising(0.0)
512400,3.13,169,44194.796137147,4.228823,0,175,EmaDropping(0.0)
512417,3.13,169,44194.796149740,4.22752,0,174,EmaDropping(1.088)
512434,3.13,169,44194.796162332,4.228823,0,174,EmaRising(0.0)
512451,3.13,169,44194.796174926,4.22752,0,173,EmaDropping(0.0)
512468,3.13,169,44194.796187518,4.22752,0,173,EmaRising(0.0)
512485,3.13,169,44194.796200110,4.22752,0,172,EmaDropping(0.0)
512502,3.13,169,44194.796212703,4.22752,0,172,EmaRising(0.0)
512519,3.13,169,44194.796225295,4.22752,0,172,EmaRising(1.088)
512536,3.13,169,44194.796237889,4.22752,0,171,EmaDropping(0.0)
512553,3.13,169,44194.796250481,4.228823,0,171,EmaRising(0.0)
512570,3.13,169,44194.796263073,4.22752,0,171,EmaRising(1.088)
512587,3.13,169,44194.796275666,4.22752,0,171,EmaRising(2.176)
512604,3.13,169,44194.796288258,4.22752,0,170,EmaDropping(0.0)
512621,3.13,169,44194.796300852,4.22752,0,170,EmaRising(0.0)
512638,3.13,169,44194.796313444,4.228823,0,170,EmaRising(1.088)
512655,3.13,169,44194.796326036,4.22752,0,170,EmaRising(2.176)
512672,3.13,169,44194.796338629,4.228823,0,170,EmaRising(3.264)
512689,3.13,169,44194.796351221,4.22752,0,170,EmaRising(4.352)
512706,3.13,169,44194.796363815,4.22752,0,169,EmaDropping(0.0)
512723,3.13,169,44194.796376407,4.228823,0,169,EmaRising(0.0)
512740,3.13,166,44194.796388999,4.22752,0,169,EmaRising(1.088)
512757,3.13,154,44194.796401592,4.228823,0,167,EmaDropping(0.0)
512774,3.13,148,44194.796414184,4.22752,0,165,EmaDropping(1.088)
512791,3.13,148,44194.796426778,4.228823,0,164,EmaDropping(2.176)
512808,3.13,148,44194.796439370,4.22752,0,162,EmaDropping(3.264)
512825,3.13,148,44194.796451962,4.22752,0,161,EmaDropping(4.352)
512842,3.13,148,44194.796464555,4.228823,0,159,EmaDropping(5.44)
512859,3.13,148,44194.796477147,4.22752,0,158,EmaDropping(6.528)
512876,3.13,148,44194.796489741,4.228823,0,157,EmaDropping(7.616)
512893,3.13,148,44194.796502333,4.22752,0,156,EmaDropping(8.704)
512910,3.13,148,44194.796514925,4.228823,0,155,EmaDropping(9.792)
512927,3.13,148,44194.796527518,4.22752,0,154,EmaDropping(10.88)
512944,3.13,148,44194.796540110,4.22752,0,154,EmaRising(0.0)
512961,3.13,148,44194.796552704,4.228823,0,153,EmaDropping(0.0)
512978,3.13,148,44194.796565296,4.22752,0,153,EmaRising(0.0)
512995,3.13,148,44194.796577888,4.228823,0,152,EmaDropping(0.0)
513012,3.13,148,44194.796590481,4.228823,0,152,EmaRising(0.0)
513029,3.13,148,44194.796603073,4.228823,0,151,EmaDropping(0.0)
513046,3.13,148,44194.796615667,4.228823,0,151,EmaRising(0.0)
513063,3.13,148,44194.796628259,4.22752,0,150,EmaDropping(0.0)
513080,3.13,148,44194.796640851,4.228823,0,150,EmaRising(0.0)
513097,3.13,148,44194.796653444,4.22752,0,150,EmaRising(1.088)
513114,3.13,148,44194.796666036,4.22752,0,150,EmaRising(2.176)
513131,3.13,148,44194.796678630,4.22752,0,149,EmaDropping(0.0)
513148,3.13,148,44194.796691222,4.22752,0,149,EmaRising(0.0)
513165,3.13,148,44194.796703814,4.228823,0,149,EmaRising(1.088)
513182,3.13,148,44194.796716407,4.22752,0,149,EmaRising(2.176)
513199,3.13,148,44194.796728999,4.22752,0,149,EmaRising(3.264)
513216,3.13,148,44194.796741593,4.22752,0,149,EmaRising(4.352)
513233,3.13,148,44194.796754185,4.228823,0,149,EmaRising(5.44)
513250,3.13,148,44194.796766777,4.22752,0,148,EmaDropping(0.0)
513267,3.13,148,44194.796779370,4.22752,0,148,EmaRising(0.0)
513284,3.13,148,44194.796791962,4.228823,0,148,EmaRising(1.088)
513301,3.13,148,44194.796804556,4.22752,0,148,EmaRising(2.176)
513318,3.13,148,44194.796817148,4.228823,0,148,EmaRising(3.264)
513335,3.13,146,44194.796829740,4.22752,0,148,EmaRising(4.352)
513352,3.13,127,44194.796842333,4.228823,0,146,EmaDropping(0.0)
513369,3.13,127,44194.796854925,4.228823,0,144,EmaDropping(1.088)
513386,3.13,127,44194.796867519,4.228823,0,142,EmaDropping(2.176)
513403,3.13,127,44194.796880111,4.228823,0,141,EmaDropping(3.264)
513420,3.13,127,44194.796892702,4.228823,0,139,EmaDropping(4.352)
513437,3.13,127,44194.796905296,4.228823,0,138,EmaDropping(5.44)
513454,3.13,127,44194.796917888,4.228823,0,137,EmaDropping(6.528)
513471,3.13,127,44194.796930482,4.228823,0,136,EmaDropping(7.616)
513488,3.13,127,44194.796943074,4.228823,0,135,EmaDropping(8.704)
513505,3.13,127,44194.796955665,4.228823,0,134,EmaDropping(9.792)
513522,3.13,127,44194.796968259,4.228823,0,133,EmaDropping(10.88)
513539,3.13,127,44194.796980851,4.228823,0,133,EmaRising(0.0)
513556,3.13,127,44194.796993445,4.230122,0,132,EmaDropping(0.0)
513573,3.13,127,44194.797006037,4.228823,0,131,EmaDropping(1.088)
513590,3.13,127,44194.797018628,4.228823,0,131,EmaRising(0.0)
513607,3.13,118,44194.797031222,4.230122,0,130,EmaDropping(0.0)
513624,3.13,106,44194.797043814,4.228823,0,127,EmaDropping(1.088)
513641,3.13,106,44194.797056408,4.230122,0,125,EmaDropping(2.176)
513658,3.13,106,44194.797069000,4.228823,0,123,EmaDropping(3.264)
513675,3.13,106,44194.797081591,4.228823,0,121,EmaDropping(4.352)
513692,3.13,106,44194.797094185,4.228823,0,120,EmaDropping(5.44)
513709,3.13,106,44194.797106777,4.228823,0,118,EmaDropping(6.528)
513726,3.13,106,44194.797119371,4.228823,0,117,EmaDropping(7.616)
513743,3.13,106,44194.797131962,4.228823,0,116,EmaDropping(8.704)
513760,3.13,106,44194.797144554,4.228823,0,115,EmaDropping(9.792)
513777,3.13,106,44194.797157148,4.228823,0,114,EmaDropping(10.88)
513794,3.13,106,44194.797169740,4.228823,0,113,EmaDropping(11.968)
513811,3.13,106,44194.797182334,4.228823,0,112,EmaDropping(13.056)
513828,3.13,88,44194.797194926,4.22752,0,110,EmaDropping(14.144)
513845,3.13,84,44194.797207517,4.228823,0,107,EmaDropping(15.232)
513862,3.13,84,44194.797220111,4.22752,0,105,EmaDropping(16.32)
513879,3.13,84,44194.797232703,4.22752,0,103,EmaDropping(17.408)
513896,3.13,84,44194.797245297,4.22752,0,101,EmaDropping(18.496)
513913,3.13,84,44194.797257889,4.226221,0,99,EmaDropping(19.584)
513930,3.13,84,44194.797270480,4.22752,0,97,EmaDropping(20.672)
513947,3.13,84,44194.797283074,4.226221,0,96,EmaDropping(21.76)
513964,3.13,84,44194.797295666,4.22752,0,95,EmaDropping(22.848)
513981,3.13,84,44194.797308260,4.226221,0,94,EmaDropping(23.936)
513998,3.13,82,44194.797320851,4.226221,0,92,EmaDropping(25.024)
514015,3.09,-42,44194.797333443,4.193701,0,79,EmaDropping(26.112)
514032,3.09,-63,44194.797346037,4.192398,0,65,EmaDropping(27.2)
514049,3.09,-63,44194.797358629,4.193701,0,52,EmaDropping(28.288)
514066,3.09,-66,44194.797371221,4.191099,0,40,EmaDropping(29.376)
514083,3.09,-62,44194.797383814,4.192398,0,30,EmaDropping(30.464)
514100,3.09,-63,44194.797396406,4.191099,0,20,EmaDropping(31.552)
514117,3.09,-63,44194.797409000,4.191099,0,12,EmaDropping(32.64)
514134,3.09,-63,44194.797421592,4.192398,0,5,EmaDropping(33.728)
514151,3.09,-63,44194.797434185,4.189799,0,-1,EmaDropping(34.816)
514168,3.09,-63,44194.797446777,4.192398,0,-63,EmaDropping(35.904)
514185,3.09,-63,44194.797459369,4.191099,0,-63,EmaRising(0.0)
514202,3.09,-63,44194.797471963,4.192398,0,-63,EmaRising(1.088)
514219,3.09,-63,44194.797484555,4.191099,0,-63,EmaRising(2.176)
514236,3.09,-63,44194.797497147,4.191099,0,-63,EmaRising(3.264)
514253,3.09,-63,44194.797509740,4.191099,0,-63,EmaRising(4.352)
514270,3.09,-63,44194.797522332,4.191099,0,-63,EmaRising(5.44)
514287,3.09,-63,44194.797534926,4.191099,0,-63,EmaRising(6.528)
514304,3.09,-63,44194.797547518,4.191099,0,-63,EmaRising(7.616)
514321,3.09,-63,44194.797560110,4.191099,0,-63,EmaRising(8.704)
514338,3.09,-52,44194.797572703,4.189799,0,-52,EmaRising(9.792)
514355,3.09,-61,44194.797585295,4.191099,0,-61,EmaDropping(0.0)
514372,3.09,-63,44194.797597889,4.192398,0,-63,EmaDropping(1.088)
514389,3.09,-63,44194.797610481,4.191099,0,-63,EmaRising(0.0)
514406,3.09,-63,44194.797623073,4.191099,0,-63,EmaRising(1.088)
514423,3.09,-63,44194.797635666,4.191099,0,-63,EmaRising(2.176)
514440,3.09,-59,44194.797648258,4.192398,0,-59,EmaRising(3.264)
514457,3.09,-63,44194.797660852,4.191099,0,-63,EmaDropping(0.0)
514474,3.09,-63,44194.797673444,4.191099,0,-63,EmaRising(0.0)
514491,3.09,-62,44194.797686036,4.192398,0,-62,EmaRising(1.088)
514508,3.09,-62,44194.797698629,4.191099,0,-62,EmaRising(2.176)
514525,3.09,-61,44194.797711221,4.191099,0,-61,EmaRising(3.264)
514542,3.09,-62,44194.797723815,4.191099,0,-62,EmaDropping(0.0)
514559,3.09,-57,44194.797736407,4.191099,0,-57,EmaRising(0.0)
514576,3.09,-63,44194.797748999,4.192398,0,-63,EmaDropping(0.0)
514593,3.09,-63,44194.797761592,4.191099,0,-63,EmaRising(0.0)
514610,3.09,-63,44194.797774184,4.192398,0,-63,EmaRising(1.088)
514627,3.09,-61,44194.797786778,4.191099,0,-61,EmaRising(2.176)
514644,3.09,-63,44194.797799370,4.191099,0,-63,EmaDropping(0.0)
514661,3.09,-63,44194.797811961,4.191099,0,-63,EmaRising(0.0)
514678,3.09,-63,44194.797824555,4.191099,0,-63,EmaRising(1.088)
514695,3.09,-63,44194.797837147,4.191099,0,-63,EmaRising(2.176)
514712,3.09,-63,44194.797849741,4.191099,0,-63,EmaRising(3.264)
514729,3.09,-63,44194.797862333,4.191099,0,-63,EmaRising(4.352)
514746,3.09,-63,44194.797874924,4.191099,0,-63,EmaRising(5.44)
514763,3.09,-63,44194.797887518,4.189799,0,-63,EmaRising(6.528)
514780,3.09,-63,44194.797900110,4.191099,0,-63,EmaRising(7.616)
514797,3.09,-62,44194.797912704,4.191099,0,-62,EmaRising(8.704)
514814,3.09,-63,44194.797925296,4.192398,0,-63,EmaDropping(0.0)
514831,3.09,-63,44194.797937887,4.191099,0,-63,EmaRising(0.0)
514848,3.09,-63,44194.797950481,4.191099,0,-63,EmaRising(1.088)
514865,3.09,-63,44194.797963073,4.189799,0,-63,EmaRising(2.176)
514882,3.09,-63,44194.797975667,4.191099,0,-63,EmaRising(3.264)
514899,3.09,-63,44194.797988259,4.191099,0,-63,EmaRising(4.352)
514916,3.09,-63,44194.798000850,4.189799,0,-63,EmaRising(5.44)
514933,3.09,-63,44194.798013444,4.191099,0,-63,EmaRising(6.528)
514950,3.09,-63,44194.798026036,4.189799,0,-63,EmaRising(7.616)
514967,3.09,-63,44194.798038630,4.191099,0,-63,EmaRising(8.704)
514984,3.09,-63,44194.798051222,4.191099,0,-63,EmaRising(9.792)
515001,3.09,-63,44194.798063813,4.191099,0,-63,EmaRising(10.88)
515018,3.09,-63,44194.798076407,4.191099,0,-63,EmaRising(11.968)
515035,3.09,-63,44194.798088999,4.191099,0,-63,EmaRising(13.056)
515052,3.09,-63,44194.798101593,4.191099,0,-63,EmaRising(14.144)
515069,3.09,-63,44194.798114185,4.189799,0,-63,EmaRising(15.232)
515086,3.09,-63,44194.798126776,4.191099,0,-63,EmaRising(16.32)
515103,3.09,-63,44194.798139370,4.191099,0,-63,EmaRising(17.408)
515120,3.09,-63,44194.798151962,4.191099,0,-63,EmaRising(18.496)
515137,3.09,-63,44194.798164556,4.191099,0,-63,EmaRising(19.584)
515154,3.09,-63,44194.798177147,4.189799,0,-63,EmaRising(20.672)
515171,3.09,-63,44194.798189739,4.191099,0,-63,EmaRising(21.76)
515188,3.09,-63,44194.798202333,4.189799,0,-63,EmaRising(22.848)
515205,3.09,-63,44194.798214925,4.191099,0,-63,EmaRising(23.936)
515222,3.09,-63,44194.798227519,4.191099,0,-63,EmaRising(25.024)
515239,3.09,-63,44194.798240110,4.189799,0,-63,EmaRising(26.112)
515256,3.09,-63,44194.798252702,4.192398,0,-63,EmaRising(27.2)
515273,3.09,-63,44194.798265296,4.191099,0,-63,EmaRising(28.288)
515290,3.09,-63,44194.798277888,4.191099,0,-63,EmaRising(29.376)
515307,3.09,-63,44194.798290482,4.191099,0,-63,EmaRising(30.464)
515324,3.09,-63,44194.798303073,4.191099,0,-63,EmaRising(31.552)
515341,3.09,-61,44194.798315665,4.191099,0,-61,EmaRising(32.64)
515358,3.09,-63,44194.798328259,4.189799,0,-63,EmaDropping(0.0)
515375,3.09,-63,44194.798340851,4.191099,0,-63,EmaRising(0.0)
515392,3.09,-63,44194.798353445,4.191099,0,-63,EmaRising(1.088)
515409,3.09,-63,44194.798366036,4.191099,0,-63,EmaRising(2.176)
515426,3.09,-63,44194.798378628,4.191099,0,-63,EmaRising(3.264)
515443,3.09,-63,44194.798391222,4.189799,0,-63,EmaRising(4.352)
515460,3.09,-62,44194.798403814,4.191099,0,-62,EmaRising(5.44)
515477,3.09,-63,44194.798416408,4.191099,0,-63,EmaDropping(0.0)
515494,3.09,-62,44194.798428999,4.191099,0,-62,EmaRising(0.0)
515511,3.09,-62,44194.798441591,4.189799,0,-62,EmaRising(1.088)
515528,3.09,-63,44194.798454185,4.191099,0,-63,EmaDropping(0.0)
515545,3.09,-63,44194.798466777,4.191099,0,-63,EmaRising(0.0)
515562,3.09,-63,44194.798479371,4.189799,0,-63,EmaRising(1.088)
515579,3.09,-63,44194.798491962,4.192398,0,-63,EmaRising(2.176)
515596,3.09,-66,44194.798504554,4.191099,0,-66,EmaDropping(0.0)
515613,3.09,-69,44194.798517148,4.191099,0,-69,EmaDropping(1.088)
515630,3.09,-68,44194.798529740,4.189799,0,-68,EmaRising(0.0)
515647,3.09,-67,44194.798542333,4.191099,0,-67,EmaRising(1.088)
515664,3.09,-69,44194.798554925,4.191099,0,-69,EmaDropping(0.0)
515681,3.09,-64,44194.798567517,4.189799,0,-64,EmaRising(0.0)
515698,3.09,-63,44194.798580111,4.191099,0,-63,EmaRising(1.088)
515715,3.09,-63,44194.798592703,4.191099,0,-63,EmaRising(2.176)
515732,3.09,-63,44194.798605296,4.191099,0,-63,EmaRising(3.264)
515749,3.09,-64,44194.798617888,4.189799,0,-64,EmaDropping(0.0)
515766,3.09,-63,44194.798630480,4.189799,0,-63,EmaRising(0.0)
515783,3.09,-63,44194.798643074,4.191099,0,-63,EmaRising(1.088)
515800,3.09,-66,44194.798655666,4.189799,0,-66,EmaDropping(0.0)
515817,3.09,-64,44194.798668259,4.191099,0,-64,EmaRising(0.0)
515834,3.09,-66,44194.798680851,4.189799,0,-66,EmaDropping(0.0)
515851,3.09,-68,44194.798693443,4.191099,0,-68,EmaDropping(1.088)
515868,3.09,-66,44194.798706037,4.191099,0,-66,EmaRising(0.0)
515885,3.09,-67,44194.798718629,4.189799,0,-67,EmaDropping(0.0)
515902,3.09,-67,44194.798731222,4.189799,0,-67,EmaRising(0.0)
515919,3.09,-68,44194.798743814,4.189799,0,-68,EmaDropping(0.0)
515936,3.09,-78,44194.798756406,4.191099,0,-78,EmaDropping(1.088)
515953,3.09,-66,44194.798769000,4.189799,0,-66,EmaRising(0.0)
515970,3.09,-72,44194.798781592,4.189799,0,-72,EmaDropping(0.0)
515987,3.09,-73,44194.798794185,4.189799,0,-73,EmaDropping(1.088)
516004,3.09,-73,44194.798806777,4.189799,0,-73,EmaRising(0.0)
516021,3.09,-77,44194.798819369,4.191099,0,-77,EmaDropping(0.0)
516038,3.09,-81,44194.798831963,4.189799,0,-81,EmaDropping(1.088)
516055,3.09,-82,44194.798844555,4.191099,0,-82,EmaDropping(2.176)
516072,3.09,-84,44194.798857148,4.189799,0,-84,EmaDropping(3.264)
516089,3.09,-84,44194.798869740,4.189799,0,-84,EmaRising(0.0)
516106,3.09,-84,44194.798882332,4.191099,0,-84,EmaRising(1.088)
516123,3.09,-81,44194.798894926,4.189799,0,-81,EmaRising(2.176)
516140,3.09,-71,44194.798907518,4.191099,0,-71,EmaRising(3.264)
516157,3.09,-72,44194.798920111,4.189799,0,-72,EmaDropping(0.0)
516174,3.09,-72,44194.798932703,4.191099,0,-72,EmaRising(0.0)
516191,3.09,-77,44194.798945295,4.189799,0,-77,EmaDropping(0.0)
516208,3.09,-67,44194.798957889,4.189799,0,-67,EmaRising(0.0)
516225,3.09,-78,44194.798970481,4.191099,0,-78,EmaDropping(0.0)
516242,3.09,-72,44194.798983074,4.189799,0,-72,EmaRising(0.0)
516259,3.09,-68,44194.798995666,4.191099,0,-68,EmaRising(1.088)
516276,3.09,-84,44194.799008258,4.189799,0,-84,EmaDropping(0.0)
516293,3.09,-84,44194.799020852,4.189799,0,-84,EmaRising(0.0)
516310,3.09,-84,44194.799033444,4.191099,0,-84,EmaRising(1.088)
516327,3.09,-83,44194.799046037,4.189799,0,-83,EmaRising(2.176)
516344,3.09,-84,44194.799058629,4.191099,0,-84,EmaDropping(0.0)
516361,3.09,-84,44194.799071221,4.189799,0,-84,EmaRising(0.0)
516378,3.09,-84,44194.799083815,4.191099,0,-84,EmaRising(1.088)
516395,3.09,-84,44194.799096407,4.189799,0,-84,EmaRising(2.176)
516412,3.09,-84,44194.799109000,4.191099,0,-84,EmaRising(3.264)
516429,3.09,-84,44194.799121592,4.191099,0,-84,EmaRising(4.352)
516446,3.09,-79,44194.799134184,4.189799,0,-79,EmaRising(5.44)
516463,3.09,-71,44194.799146778,4.191099,0,-71,EmaRising(6.528)
516480,3.09,-71,44194.799159370,4.189799,0,-71,EmaRising(7.616)
516497,3.09,-79,44194.799171963,4.191099,0,-79,EmaDropping(0.0)
516514,3.09,-84,44194.799184555,4.189799,0,-84,EmaDropping(1.088)
516531,3.09,-84,44194.799197147,4.189799,0,-84,EmaRising(0.0)
516548,3.09,-83,44194.799209741,4.191099,0,-83,EmaRising(1.088)
516565,3.09,-84,44194.799222332,4.189799,0,-84,EmaDropping(0.0)
516582,3.09,-84,44194.799234926,4.191099,0,-84,EmaRising(0.0)
516599,3.09,-83,44194.799247518,4.189799,0,-83,EmaRising(1.088)
516616,3.09,-79,44194.799260110,4.191099,0,-79,EmaRising(2.176)
516633,3.09,-81,44194.799272704,4.189799,0,-81,EmaDropping(0.0)
516650,3.09,-84,44194.799285295,4.189799,0,-84,EmaDropping(1.088)
516667,3.09,-84,44194.799297889,4.191099,0,-84,EmaRising(0.0)
516684,3.09,-84,44194.799310481,4.189799,0,-84,EmaRising(1.088)
516701,3.09,-84,44194.799323073,4.189799,0,-84,EmaRising(2.176)
516718,3.09,-78,44194.799335667,4.189799,0,-78,EmaRising(3.264)
516735,3.09,-84,44194.799348258,4.189799,0,-84,EmaDropping(0.0)
516752,3.09,-84,44194.799360852,4.191099,0,-84,EmaRising(0.0)
516769,3.09,-76,44194.799373444,4.189799,0,-76,EmaRising(1.088)
516786,3.09,-81,44194.799386036,4.191099,0,-81,EmaDropping(0.0)
516803,3.09,-69,44194.799398629,4.189799,0,-69,EmaRising(0.0)
516820,3.09,-84,44194.799411221,4.191099,0,-84,EmaDropping(0.0)
516837,3.09,-84,44194.799423815,4.189799,0,-84,EmaRising(0.0)
516854,3.09,-83,44194.799436407,4.191099,0,-83,EmaRising(1.088)
516871,3.09,-82,44194.799448999,4.189799,0,-82,EmaRising(2.176)
516888,3.09,-82,44194.799461593,4.189799,0,-82,EmaRising(3.264)
516905,3.09,-76,44194.799474184,4.191099,0,-76,EmaRising(4.352)
516922,3.09,-84,44194.799486776,4.189799,0,-84,EmaDropping(0.0)
516939,3.09,-84,44194.799499370,4.189799,0,-84,EmaRising(0.0)
516956,3.09,-84,44194.799511962,4.189799,0,-84,EmaRising(1.088)
516973,3.09,-84,44194.799524556,4.189799,0,-84,EmaRising(2.176)
516990,3.09,-84,44194.799537147,4.191099,0,-84,EmaRising(3.264)
517007,3.09,-82,44194.799549739,4.189799,0,-82,EmaRising(4.352)
517024,3.09,-84,44194.799562333,4.191099,0,-84,EmaDropping(0.0)
517041,3.09,-84,44194.799574925,4.189799,0,-84,EmaRising(0.0)
517058,3.09,-84,44194.799587518,4.191099,0,-84,EmaRising(1.088)
517075,3.09,-84,44194.799600110,4.189799,0,-84,EmaRising(2.176)
517092,3.09,-93,44194.799612702,4.189799,0,-93,EmaDropping(0.0)
517109,3.09,-101,44194.799625296,4.191099,0,-101,EmaDropping(1.088)
517126,3.09,-104,44194.799637888,4.189799,0,-104,EmaDropping(2.176)
517143,3.09,-104,44194.799650481,4.191099,0,-104,EmaRising(0.0)
517160,3.09,-99,44194.799663073,4.189799,0,-99,EmaRising(1.088)
517177,3.09,-98,44194.799675665,4.189799,0,-98,EmaRising(2.176)
517194,3.09,-104,44194.799688259,4.189799,0,-104,EmaDropping(0.0)
517211,3.09,-99,44194.799700851,4.189799,0,-99,EmaRising(0.0)
517228,3.09,-102,44194.799713444,4.191099,0,-102,EmaDropping(0.0)
517245,3.09,-106,44194.799726036,4.189799,0,-106,EmaDropping(1.088)
517262,3.09,-106,44194.799738628,4.191099,0,-106,EmaRising(0.0)
517279,3.09,-106,44194.799751222,4.189799,0,-106,EmaRising(1.088)
517296,3.09,-106,44194.799763814,4.189799,0,-106,EmaRising(2.176)
517313,3.09,-106,44194.799776407,4.191099,0,-106,EmaRising(3.264)
517330,3.09,-106,44194.799788999,4.189799,0,-106,EmaRising(4.352)
517347,3.09,-106,44194.799801593,4.191099,0,-106,EmaRising(5.44)
517364,3.09,-106,44194.799814185,4.189799,0,-106,EmaRising(6.528)
517381,3.09,-106,44194.799826777,4.191099,0,-106,EmaRising(7.616)
517398,3.09,-97,44194.799839370,4.189799,0,-97,EmaRising(8.704)
517415,3.09,-106,44194.799851962,4.189799,0,-106,EmaDropping(0.0)
517432,3.09,-92,44194.799864554,4.191099,0,-92,EmaRising(0.0)
517449,3.09,-106,44194.799877148,4.189799,0,-106,EmaDropping(0.0)
517466,3.09,-106,44194.799889740,4.191099,0,-106,EmaRising(0.0)
517483,3.09,-106,44194.799902333,4.189799,0,-106,EmaRising(1.088)
517500,3.09,-106,44194.799914925,4.191099,0,-106,EmaRising(2.176)
517517,3.09,-106,44194.799927517,4.191099,0,-106,EmaRising(3.264)
517534,3.09,-106,44194.799940111,4.189799,0,-106,EmaRising(4.352)
517551,3.09,-106,44194.799952703,4.191099,0,-106,EmaRising(5.44)
517568,3.09,-106,44194.799965296,4.189799,0,-106,EmaRising(6.528)
517585,3.09,-92,44194.799977888,4.191099,0,-92,EmaRising(7.616)
517602,3.09,-104,44194.799990480,4.189799,0,-104,EmaDropping(0.0)
517619,3.09,-106,44194.800003074,4.189799,0,-106,EmaDropping(1.088)
517636,3.09,-106,44194.800015666,4.191099,0,-106,EmaRising(0.0)
517653,3.09,-106,44194.800028259,4.189799,0,-106,EmaRising(1.088)
517670,3.09,-106,44194.800040851,4.191099,0,-106,EmaRising(2.176)
517687,3.09,-106,44194.800053443,4.189799,0,-106,EmaRising(3.264)
517704,3.09,-106,44194.800066037,4.189799,0,-106,EmaRising(4.352)
517721,3.09,-108,44194.800078629,4.189799,0,-108,EmaDropping(0.0)
517738,3.09,-103,44194.800091222,4.191099,0,-103,EmaRising(0.0)
517755,3.09,-98,44194.800103814,4.191099,0,-98,EmaRising(1.088)
517772,3.09,-104,44194.800116406,4.189799,0,-104,EmaDropping(0.0)
517789,3.09,-106,44194.800129000,4.191099,0,-106,EmaDropping(1.088)
517806,3.09,-106,44194.800141592,4.189799,0,-106,EmaRising(0.0)
517823,3.09,-103,44194.800154185,4.191099,0,-103,EmaRising(1.088)
517840,3.09,-106,44194.800166777,4.191099,0,-106,EmaDropping(0.0)
517857,3.09,-106,44194.800179369,4.189799,0,-106,EmaRising(0.0)
517874,3.09,-106,44194.800191963,4.191099,0,-106,EmaRising(1.088)
517891,3.09,-106,44194.800204555,4.189799,0,-106,EmaRising(2.176)
517908,3.09,-104,44194.800217148,4.191099,0,-104,EmaRising(3.264)
517925,3.09,-107,44194.800229740,4.189799,0,-107,EmaDropping(0.0)
517942,3.09,-106,44194.800242332,4.189799,0,-106,EmaRising(0.0)
517959,3.09,-111,44194.800254926,4.191099,0,-111,EmaDropping(0.0)
517976,3.09,-114,44194.800267517,4.189799,0,-114,EmaDropping(1.088)
517993,3.09,-113,44194.800280111,4.191099,0,-113,EmaRising(0.0)
518010,3.09,-116,44194.800292703,4.189799,0,-116,EmaDropping(0.0)
518027,3.09,-117,44194.800305295,4.191099,0,-117,EmaDropping(1.088)
518044,3.09,-106,44194.800317889,4.189799,0,-106,EmaRising(0.0)
518061,3.09,-106,44194.800330480,4.189799,0,-106,EmaRising(1.088)
518078,3.09,-108,44194.800343074,4.189799,0,-108,EmaDropping(0.0)
518095,3.09,-127,44194.800355666,4.189799,0,-127,EmaDropping(1.088)
518112,3.09,-127,44194.800368258,4.191099,0,-127,EmaRising(0.0)
518129,3.09,-123,44194.800380852,4.189799,0,-123,EmaRising(1.088)
518146,3.09,-108,44194.800393443,4.189799,0,-108,EmaRising(2.176)
518163,3.09,-109,44194.800406037,4.189799,0,-109,EmaDropping(0.0)
518180,3.09,-111,44194.800418629,4.189799,0,-111,EmaDropping(1.088)
518197,3.09,-126,44194.800431221,4.191099,0,-126,EmaDropping(2.176)
518214,3.09,-122,44194.800443815,4.189799,0,-122,EmaRising(0.0)
518231,3.09,-126,44194.800456406,4.191099,0,-126,EmaDropping(0.0)
518248,3.09,-118,44194.800469000,4.189799,0,-118,EmaRising(0.0)
518265,3.09,-123,44194.800481592,4.191099,0,-123,EmaDropping(0.0)
518282,3.09,-113,44194.800494184,4.191099,0,-113,EmaRising(0.0)
518299,3.09,-108,44194.800506778,4.189799,0,-108,EmaRising(1.088)
518316,3.09,-108,44194.800519369,4.189799,0,-108,EmaRising(2.176)
518333,3.09,-108,44194.800531963,4.189799,0,-108,EmaRising(3.264)
518350,3.09,-104,44194.800544555,4.191099,0,-104,EmaRising(4.352)
518367,3.09,-107,44194.800557147,4.189799,0,-107,EmaDropping(0.0)
518384,3.09,-108,44194.800569740,4.189799,0,-108,EmaDropping(1.088)
518401,3.09,-108,44194.800582332,4.191099,0,-108,EmaRising(0.0)
518418,3.09,-109,44194.800594926,4.189799,0,-109,EmaDropping(0.0)
518435,3.09,-113,44194.800607518,4.191099,0,-113,EmaDropping(1.088)
518452,3.09,-113,44194.800620110,4.191099,0,-113,EmaRising(0.0)
518469,3.09,-123,44194.800632703,4.191099,0,-123,EmaDropping(0.0)
518486,3.09,-113,44194.800645295,4.191099,0,-113,EmaRising(0.0)
518503,3.09,-112,44194.800657889,4.189799,0,-112,EmaRising(1.088)
518520,3.09,-117,44194.800670481,4.191099,0,-117,EmaDropping(0.0)
518537,3.09,-124,44194.800683073,4.189799,0,-124,EmaDropping(1.088)
518554,3.09,-114,44194.800695666,4.191099,0,-114,EmaRising(0.0)
518571,3.09,-109,44194.800708258,4.189799,0,-109,EmaRising(1.088)
518588,3.09,-112,44194.800720852,4.189799,0,-112,EmaDropping(0.0)
518605,3.09,-127,44194.800733444,4.189799,0,-127,EmaDropping(1.088)
518622,3.09,-127,44194.800746036,4.189799,0,-127,EmaRising(0.0)
518639,3.09,-126,44194.800758629,4.191099,0,-126,EmaRising(1.088)
518656,3.09,-108,44194.800771221,4.189799,0,-108,EmaRising(2.176)
518673,3.09,-117,44194.800783815,4.191099,0,-117,EmaDropping(0.0)
518690,3.09,-116,44194.800796407,4.189799,0,-116,EmaRising(0.0)
518707,3.09,-119,44194.800808999,4.189799,0,-119,EmaDropping(0.0)
518724,3.09,-124,44194.800821592,4.191099,0,-124,EmaDropping(1.088)
518741,3.09,-123,44194.800834184,4.189799,0,-123,EmaRising(0.0)
518758,3.09,-107,44194.800846778,4.191099,0,-107,EmaRising(1.088)
518775,3.09,-99,44194.800859370,4.189799,0,-99,EmaRising(2.176)
518792,3.09,-103,44194.800871962,4.191099,0,-103,EmaDropping(0.0)
518809,3.09,-126,44194.800884555,4.189799,0,-126,EmaDropping(1.088)
518826,3.09,-127,44194.800897147,4.189799,0,-127,EmaDropping(2.176)
518843,3.09,-126,44194.800909741,4.191099,0,-126,EmaRising(0.0)
518860,3.09,-127,44194.800922333,4.189799,0,-127,EmaDropping(0.0)
518877,3.09,-127,44194.800934925,4.191099,0,-127,EmaRising(0.0)
518894,3.09,-127,44194.800947518,4.189799,0,-127,EmaRising(1.088)
518911,3.09,-126,44194.800960110,4.189799,0,-126,EmaRising(2.176)
518928,3.09,-118,44194.800972704,4.191099,0,-118,EmaRising(3.264)
518945,3.09,-121,44194.800985296,4.191099,0,-121,EmaDropping(0.0)
518962,3.09,-116,44194.800997888,4.191099,0,-116,EmaRising(0.0)
518979,3.09,-126,44194.801010481,4.189799,0,-126,EmaDropping(0.0)
518996,3.09,-122,44194.801023073,4.191099,0,-122,EmaRising(0.0)
519013,3.09,-106,44194.801035667,4.189799,0,-106,EmaRising(1.088)
519030,3.09,-112,44194.801048259,4.191099,0,-112,EmaDropping(0.0)
519047,3.09,-118,44194.801060850,4.189799,0,-118,EmaDropping(1.088)
519064,3.09,-111,44194.801073444,4.191099,0,-111,EmaRising(0.0)
519081,3.09,-122,44194.801086036,4.191099,0,-122,EmaDropping(0.0)
519098,3.09,-121,44194.801098630,4.189799,0,-121,EmaRising(0.0)
519115,3.09,-127,44194.801111222,4.189799,0,-127,EmaDropping(0.0)
519132,3.09,-122,44194.801123813,4.189799,0,-122,EmaRising(0.0)
519149,3.09,-119,44194.801136407,4.189799,0,-119,EmaRising(1.088)
519166,3.09,-127,44194.801148999,4.191099,0,-127,EmaDropping(0.0)
519183,3.09,-124,44194.801161593,4.189799,0,-124,EmaRising(0.0)
519200,3.09,-108,44194.801174185,4.191099,0,-108,EmaRising(1.088)
519217,3.09,-123,44194.801186776,4.189799,0,-123,EmaDropping(0.0)
519234,3.09,-127,44194.801199370,4.191099,0,-127,EmaDropping(1.088)
519251,3.09,-127,44194.801211962,4.189799,0,-127,EmaRising(0.0)
519268,3.09,-127,44194.801224556,4.189799,0,-127,EmaRising(1.088)
519285,3.09,-127,44194.801237148,4.189799,0,-127,EmaRising(2.176)
519302,3.09,-127,44194.801249739,4.189799,0,-127,EmaRising(3.264)
519319,3.09,-127,44194.801262333,4.191099,0,-127,EmaRising(4.352)
519336,3.09,-127,44194.801274925,4.189799,0,-127,EmaRising(5.44)
519353,3.09,-127,44194.801287519,4.189799,0,-127,EmaRising(6.528)
519370,3.09,-127,44194.801300110,4.189799,0,-127,EmaRising(7.616)
519387,3.09,-127,44194.801312702,4.189799,0,-127,EmaRising(8.704)
519404,3.09,-127,44194.801325296,4.191099,0,-127,EmaRising(9.792)
519421,3.09,-127,44194.801337888,4.189799,0,-127,EmaRising(10.88)
519438,3.09,-127,44194.801350482,4.189799,0,-127,EmaRising(11.968)
519455,3.09,-127,44194.801363073,4.189799,0,-127,EmaRising(13.056)
519472,3.09,-127,44194.801375665,4.189799,0,-127,EmaRising(14.144)
519489,3.09,-127,44194.801388259,4.191099,0,-127,EmaRising(15.232)
519506,3.09,-126,44194.801400851,4.189799,0,-126,EmaRising(16.32)
519523,3.09,-127,44194.801413445,4.191099,0,-127,EmaDropping(0.0)
519540,3.09,-123,44194.801426036,4.189799,0,-123,EmaRising(0.0)
519557,3.09,-127,44194.801438628,4.191099,0,-127,EmaDropping(0.0)
519574,3.09,-121,44194.801451222,4.191099,0,-121,EmaRising(0.0)
519591,3.09,-118,44194.801463814,4.189799,0,-118,EmaRising(1.088)
519608,3.09,-126,44194.801476407,4.192398,0,-126,EmaDropping(0.0)
519625,3.09,-122,44194.801488999,4.189799,0,-122,EmaRising(0.0)
519642,3.09,-122,44194.801501591,4.191099,0,-122,EmaRising(1.088)
519659,3.09,-127,44194.801514185,4.189799,0,-127,EmaDropping(0.0)
519676,3.09,-124,44194.801526777,4.191099,0,-124,EmaRising(0.0)
519693,3.09,-127,44194.801539370,4.191099,0,-127,EmaDropping(0.0)
519710,3.09,-127,44194.801551962,4.189799,0,-127,EmaRising(0.0)
519727,3.09,-127,44194.801564554,4.191099,0,-127,EmaRising(1.088)
519744,3.09,-124,44194.801577148,4.189799,0,-124,EmaRising(2.176)
519761,3.09,-124,44194.801589740,4.191099,0,-124,EmaRising(3.264)
519778,3.09,-117,44194.801602333,4.189799,0,-117,EmaRising(4.352)
519795,3.09,-127,44194.801614925,4.189799,0,-127,EmaDropping(0.0)
519812,3.09,-108,44194.801627517,4.191099,0,-108,EmaRising(0.0)
519829,3.09,-127,44194.801640111,4.189799,0,-127,EmaDropping(0.0)
519846,3.09,-126,44194.801652703,4.191099,0,-126,EmaRising(0.0)
519863,3.09,-123,44194.801665296,4.191099,0,-123,EmaRising(1.088)
519880,3.09,-123,44194.801677888,4.191099,0,-123,EmaRising(2.176)
519897,3.09,-118,44194.801690480,4.189799,0,-118,EmaRising(3.264)
519914,3.09,-123,44194.801703074,4.191099,0,-123,EmaDropping(0.0)
519931,3.09,-123,44194.801715666,4.191099,0,-123,EmaRising(0.0)
519948,3.09,-119,44194.801728259,4.189799,0,-119,EmaRising(1.088)
519965,3.09,-123,44194.801740851,4.191099,0,-123,EmaDropping(0.0)
519982,3.09,-108,44194.801753443,4.189799,0,-108,EmaRising(0.0)
519999,3.09,-127,44194.801766037,4.191099,0,-127,EmaDropping(0.0)
520016,3.09,-122,44194.801778629,4.189799,0,-122,EmaRising(0.0)
520033,3.09,-124,44194.801791222,4.189799,0,-124,EmaDropping(0.0)
520050,3.09,-127,44194.801803814,4.191099,0,-127,EmaDropping(1.088)
520067,3.09,-124,44194.801816406,4.189799,0,-124,EmaRising(0.0)
520084,3.09,-122,44194.801829000,4.191099,0,-122,EmaRising(1.088)
520101,3.09,-127,44194.801841592,4.191099,0,-127,EmaDropping(0.0)
520118,3.09,-127,44194.801854185,4.191099,0,-127,EmaRising(0.0)
520135,3.09,-126,44194.801866777,4.191099,0,-126,EmaRising(1.088)
520152,3.09,-111,44194.801879369,4.189799,0,-111,EmaRising(2.176)
520169,3.09,-109,44194.801891963,4.191099,0,-109,EmaRising(3.264)
520186,3.09,-127,44194.801904554,4.191099,0,-127,EmaDropping(0.0)
520203,3.09,-127,44194.801917148,4.191099,0,-127,EmaRising(0.0)
520220,3.09,-127,44194.801929740,4.191099,0,-127,EmaRising(1.088)
520237,3.09,-127,44194.801942332,4.189799,0,-127,EmaRising(2.176)
520254,3.09,-122,44194.801954926,4.189799,0,-122,EmaRising(3.264)
520271,3.09,-121,44194.801967517,4.189799,0,-121,EmaRising(4.352)
520288,3.09,-127,44194.801980111,4.191099,0,-127,EmaDropping(0.0)
520305,3.09,-124,44194.801992703,4.189799,0,-124,EmaRising(0.0)
520322,3.09,-123,44194.802005295,4.191099,0,-123,EmaRising(1.088)
520339,3.09,-127,44194.802017889,4.189799,0,-127,EmaDropping(0.0)
520356,3.09,-114,44194.802030480,4.189799,0,-114,EmaRising(0.0)
520373,3.09,-124,44194.802043074,4.191099,0,-124,EmaDropping(0.0)
520390,3.09,-113,44194.802055666,4.189799,0,-113,EmaRising(0.0)
520407,3.09,-118,44194.802068258,4.191099,0,-118,EmaDropping(0.0)
520424,3.09,-127,44194.802080851,4.189799,0,-127,EmaDropping(1.088)
520441,3.09,-127,44194.802093443,4.191099,0,-127,EmaRising(0.0)
520458,3.09,-127,44194.802106037,4.191099,0,-127,EmaRising(1.088)
520475,3.09,-127,44194.802118629,4.191099,0,-127,EmaRising(2.176)
520492,3.09,-119,44194.802131223,4.191099,0,-119,EmaRising(3.264)
520509,3.09,-116,44194.802143814,4.189799,0,-116,EmaRising(4.352)
520526,3.09,-126,44194.802156406,4.191099,0,-126,EmaDropping(0.0)
520543,3.09,-126,44194.802169000,4.189799,0,-126,EmaRising(0.0)
520560,3.09,-127,44194.802181592,4.191099,0,-127,EmaDropping(0.0)
520577,3.09,-127,44194.802194184,4.191099,0,-127,EmaRising(0.0)
520594,3.09,-108,44194.802206777,4.189799,0,-108,EmaRising(1.088)
520611,3.09,-126,44194.802219369,4.191099,0,-126,EmaDropping(0.0)
520628,3.09,-118,44194.802231963,4.189799,0,-118,EmaRising(0.0)
520645,3.09,-126,44194.802244555,4.191099,0,-126,EmaDropping(0.0)
520662,3.09,-121,44194.802257148,4.189799,0,-121,EmaRising(0.0)
520679,3.09,-126,44194.802269740,4.191099,0,-126,EmaDropping(0.0)
520696,3.09,-126,44194.802282332,4.191099,0,-126,EmaRising(0.0)
520713,3.09,-124,44194.802294926,4.189799,0,-124,EmaRising(1.088)
520730,3.09,-116,44194.802307518,4.191099,0,-116,EmaRising(2.176)
520747,3.09,-121,44194.802320111,4.191099,0,-121,EmaDropping(0.0)
520764,3.09,-124,44194.802332703,4.191099,0,-124,EmaDropping(1.088)
520781,3.09,-119,44194.802345295,4.189799,0,-119,EmaRising(0.0)
520798,3.09,-121,44194.802357889,4.189799,0,-121,EmaDropping(0.0)
520815,3.09,-122,44194.802370481,4.191099,0,-122,EmaDropping(1.088)
520832,3.09,-116,44194.802383074,4.191099,0,-116,EmaRising(0.0)
520849,3.09,-118,44194.802395666,4.191099,0,-118,EmaDropping(0.0)
520866,3.09,-123,44194.802408258,4.191099,0,-123,EmaDropping(1.088)
520883,3.09,-109,44194.802420852,4.191099,0,-109,EmaRising(0.0)
520900,3.09,-108,44194.802433444,4.191099,0,-108,EmaRising(1.088)
520917,3.09,-112,44194.802446037,4.189799,0,-112,EmaDropping(0.0)
520934,3.09,-109,44194.802458629,4.191099,0,-109,EmaRising(0.0)
520951,3.09,-119,44194.802471221,4.191099,0,-119,EmaDropping(0.0)
520968,3.09,-114,44194.802483815,4.191099,0,-114,EmaRising(0.0)
520985,3.09,-107,44194.802496407,4.189799,0,-107,EmaRising(1.088)
521002,3.09,-104,44194.802509000,4.191099,0,-104,EmaRising(2.176)
521019,3.09,-106,44194.802521592,4.191099,0,-106,EmaDropping(0.0)
521036,3.09,-104,44194.802534184,4.189799,0,-104,EmaRising(0.0)
521053,3.09,-107,44194.802546778,4.191099,0,-107,EmaDropping(0.0)
521070,3.09,-109,44194.802559369,4.189799,0,-109,EmaDropping(1.088)
521087,3.09,-107,44194.802571963,4.191099,0,-107,EmaRising(0.0)
521104,3.09,-108,44194.802584555,4.191099,0,-108,EmaDropping(0.0)
521121,3.09,-96,44194.802597147,4.191099,0,-96,EmaRising(0.0)
521138,3.09,-106,44194.802609741,4.191099,0,-106,EmaDropping(0.0)
521155,3.09,-112,44194.802622332,4.189799,0,-112,EmaDropping(1.088)
521172,3.09,-122,44194.802634926,4.191099,0,-122,EmaDropping(2.176)
521189,3.09,-123,44194.802647518,4.191099,0,-123,EmaDropping(3.264)
521206,3.09,-118,44194.802660110,4.191099,0,-118,EmaRising(0.0)
521223,3.09,-118,44194.802672703,4.191099,0,-118,EmaRising(1.088)
521240,3.09,-121,44194.802685295,4.191099,0,-121,EmaDropping(0.0)
521257,3.09,-119,44194.802697889,4.191099,0,-119,EmaRising(0.0)
521274,3.09,-123,44194.802710481,4.189799,0,-123,EmaDropping(0.0)
521291,3.09,-126,44194.802723073,4.191099,0,-126,EmaDropping(1.088)
521308,3.09,-123,44194.802735667,4.191099,0,-123,EmaRising(0.0)
521325,3.09,-127,44194.802748258,4.191099,0,-127,EmaDropping(0.0)
521342,3.09,-127,44194.802760852,4.191099,0,-127,EmaRising(0.0)
521359,3.09,-127,44194.802773444,4.191099,0,-127,EmaRising(1.088)
521376,3.09,-127,44194.802786036,4.191099,0,-127,EmaRising(2.176)
521393,3.09,-127,44194.802798629,4.189799,0,-127,EmaRising(3.264)
521410,3.09,-127,44194.802811221,4.191099,0,-127,EmaRising(4.352)
521427,3.09,-127,44194.802823815,4.189799,0,-127,EmaRising(5.44)
521444,3.09,-127,44194.802836407,4.189799,0,-127,EmaRising(6.528)
521461,3.09,-127,44194.802848999,4.191099,0,-127,EmaRising(7.616)
521478,3.09,-127,44194.802861592,4.191099,0,-127,EmaRising(8.704)
521495,3.09,-127,44194.802874184,4.191099,0,-127,EmaRising(9.792)
521512,3.09,-127,44194.802886778,4.189799,0,-127,EmaRising(10.88)
521529,3.09,-127,44194.802899370,4.191099,0,-127,EmaRising(11.968)
521546,3.09,-127,44194.802911962,4.189799,0,-127,EmaRising(13.056)
521563,3.09,-127,44194.802924555,4.191099,0,-127,EmaRising(14.144)
521580,3.09,-127,44194.802937147,4.191099,0,-127,EmaRising(15.232)
521597,3.09,-127,44194.802949741,4.189799,0,-127,EmaRising(16.32)
521614,3.09,-127,44194.802962333,4.191099,0,-127,EmaRising(17.408)
521631,3.09,-127,44194.802974925,4.191099,0,-127,EmaRising(18.496)
521648,3.09,-127,44194.802987518,4.191099,0,-127,EmaRising(19.584)
521665,3.09,-127,44194.803000110,4.191099,0,-127,EmaRising(20.672)
521682,3.09,-127,44194.803012704,4.189799,0,-127,EmaRising(21.76)
521699,3.09,-127,44194.803025296,4.191099,0,-127,EmaRising(22.848)
521716,3.09,-127,44194.803037887,4.191099,0,-127,EmaRising(23.936)
521733,3.09,-127,44194.803050481,4.191099,0,-127,EmaRising(25.024)
521750,3.09,-127,44194.803063073,4.191099,0,-127,EmaRising(26.112)
521767,3.09,-127,44194.803075667,4.191099,0,-127,EmaRising(27.2)
521784,3.09,-127,44194.803088259,4.191099,0,-127,EmaRising(28.288)
521801,3.09,-127,44194.803100850,4.191099,0,-127,EmaRising(29.376)
521818,3.09,-127,44194.803113444,4.191099,0,-127,EmaRising(30.464)
521835,3.09,-127,44194.803126036,4.191099,0,-127,EmaRising(31.552)
521852,3.09,-127,44194.803138630,4.191099,0,-127,EmaRising(32.64)
521869,3.09,-127,44194.803151221,4.191099,0,-127,EmaRising(33.728)
521886,3.09,-126,44194.803163813,4.191099,0,-126,EmaRising(34.816)
521903,3.09,-126,44194.803176407,4.191099,0,-126,EmaRising(35.904)
521920,3.09,-117,44194.803188999,4.191099,0,-117,EmaRising(36.992)
521937,3.09,-106,44194.803201593,4.191099,0,-106,EmaRising(38.08)
521954,3.09,-106,44194.803214184,4.189799,0,-106,EmaRising(39.168)
521971,3.09,-106,44194.803226778,4.189799,0,-106,EmaRising(40.256)
521988,3.09,-106,44194.803239370,4.189799,0,-106,EmaRising(41.344)
522005,3.09,-106,44194.803251962,4.191099,0,-106,EmaRising(42.432)
522022,3.09,-106,44194.803264555,4.192398,0,-106,EmaRising(43.52)
522039,3.09,-106,44194.803277147,4.191099,0,-106,EmaRising(44.608)
522056,3.09,-106,44194.803289741,4.192398,0,-106,EmaRising(45.696)
522073,3.09,-106,44194.803302333,4.191099,0,-106,EmaRising(46.784)
522090,3.09,-106,44194.803314925,4.191099,0,-106,EmaRising(47.872)
522107,3.09,-106,44194.803327518,4.191099,0,-106,EmaRising(48.96)
522124,3.09,-106,44194.803340110,4.189799,0,-106,EmaRising(50.048)
522141,3.09,-106,44194.803352704,4.191099,0,-106,EmaRising(51.136)
522158,3.09,-106,44194.803365296,4.189799,0,-106,EmaRising(52.224)
522175,3.09,-106,44194.803377888,4.191099,0,-106,EmaRising(53.312)
522192,3.09,-106,44194.803390481,4.189799,0,-106,EmaRising(54.4)
522209,3.09,-106,44194.803403073,4.191099,0,-106,EmaRising(55.488)
522226,3.09,-106,44194.803415667,4.191099,0,-106,EmaRising(56.576)
522243,3.09,-106,44194.803428259,4.191099,0,-106,EmaRising(57.664)
522260,3.09,-106,44194.803440851,4.191099,0,-106,EmaRising(58.752)
522277,3.09,-106,44194.803453444,4.189799,0,-106,EmaRising(59.84)
522294,3.09,-106,44194.803466036,4.191099,0,-106,EmaRising(60.928)
522311,3.09,-106,44194.803478630,4.191099,0,-106,EmaRising(62.016)
522328,3.09,-106,44194.803491222,4.191099,0,-106,EmaRising(63.104)
522345,3.09,-106,44194.803503813,4.191099,0,-106,EmaRising(64.192)
522362,3.09,-106,44194.803516407,4.189799,0,-106,EmaRising(65.28)
522379,3.09,-106,44194.803528999,4.191099,0,-106,EmaRising(66.368)
522396,3.09,-106,44194.803541593,4.191099,0,-106,EmaRising(67.456)
522413,3.09,-106,44194.803554185,4.191099,0,-106,EmaRising(68.544)
522430,3.09,-106,44194.803566776,4.191099,0,-106,EmaRising(69.632)
522447,3.09,-106,44194.803579370,4.189799,0,-106,EmaRising(70.72)
522464,3.09,-106,44194.803591962,4.191099,0,-106,EmaRising(71.808)
522481,3.09,-106,44194.803604556,4.189799,0,-106,EmaRising(72.896)
522498,3.09,-106,44194.803617147,4.191099,0,-106,EmaRising(73.984)
522515,3.09,-106,44194.803629739,4.191099,0,-106,EmaRising(75.072)
522532,3.09,-106,44194.803642333,4.191099,0,-106,EmaRising(76.16)
522549,3.09,-106,44194.803654925,4.191099,0,-106,EmaRising(77.248)
522566,3.09,-106,44194.803667519,4.191099,17,-106,EmaRising(78.336)
522583,3.09,-106,44194.803680110,4.192398,17,-106,EmaRising(79.424)
522600,3.09,-106,44194.803692702,4.192398,17,-106,EmaRising(80.512)
522617,3.09,-106,44194.803705296,4.192398,17,-106,EmaRising(81.6)
522634,3.09,-106,44194.803717888,4.191099,17,-106,EmaRising(82.688)
522651,3.09,-106,44194.803730481,4.191099,17,-106,EmaRising(83.776)
522668,3.09,-106,44194.803743073,4.192398,17,-106,EmaRising(84.864)
522685,3.09,-106,44194.803755667,4.192398,17,-106,EmaRising(85.952)
522702,3.09,-106,44194.803768259,4.192398,17,-106,EmaRising(87.04)
522719,3.09,-106,44194.803780851,4.191099,17,-106,EmaRising(88.128)
522736,3.09,-106,44194.803793444,4.191099,17,-106,EmaRising(89.216)
522753,3.09,-106,44194.803806036,4.192398,17,-106,EmaRising(90.304)
522770,3.09,-106,44194.803818630,4.192398,17,-106,EmaRising(91.392)
522787,3.09,-106,44194.803831222,4.192398,17,-106,EmaRising(92.48)
522804,3.09,-106,44194.803843814,4.192398,17,-106,EmaRising(93.568)
522821,3.09,-106,44194.803856407,4.192398,17,-106,EmaRising(94.656)
522838,3.09,-106,44194.803868999,4.192398,17,-106,EmaRising(95.744)
522855,3.09,-106,44194.803881593,4.192398,17,-106,EmaRising(96.832)
522872,3.09,-106,44194.803894185,4.192398,17,-106,EmaRising(97.92)
522889,3.09,-106,44194.803906777,4.191099,17,-106,EmaRising(99.008)
522906,3.09,-106,44194.803919370,4.192398,17,-106,EmaRising(100.096)
522923,3.09,-106,44194.803931962,4.191099,17,-106,EmaRising(101.184)
522940,3.09,-106,44194.803944556,4.192398,17,-106,EmaRising(102.272)
522957,3.09,-106,44194.803957148,4.192398,17,-106,EmaRising(103.36)
522974,3.09,-106,44194.803969739,4.192398,17,-106,EmaRising(104.448)
522991,3.09,-103,44194.803982333,4.192398,17,-103,EmaRising(105.536)
